rainfall_mm,flood_index,alert_count_on_route,active_landslide_alerts,road_disruption_count,historical_risk_score,vehicle_type_weight,risk_level
44.52,0.213,0,0,0,0.012,1.2,LOW
92.82,0.384,5,0,0,0.304,1.8,MEDIUM
36.62,0.378,0,2,0,0.641,0.9,MEDIUM
57.71,0.473,5,1,0,0.043,1.3,MEDIUM
50.84,0.32,2,1,0,0.327,1.0,MEDIUM
121.37,0.439,1,0,0,0.572,1.3,MEDIUM
109.59,0.421,3,2,0,0.058,1.3,MEDIUM
90.3,0.577,3,0,0,0.327,1.2,MEDIUM
16.81,0.13,0,1,0,0.303,1.0,LOW
108.13,0.667,0,0,0,0.214,0.8,MEDIUM
52.56,0.281,2,0,3,0.532,0.9,MEDIUM
23.13,0.294,1,0,0,0.548,0.9,LOW
36.24,0.337,0,1,0,0.121,1.8,LOW
37.83,0.14,0,0,1,0.252,0.9,LOW
30.66,0.383,1,0,0,0.381,1.3,LOW
92.31,0.371,0,0,0,0.05,0.9,LOW
92.16,0.569,0,0,0,0.492,1.2,MEDIUM
32.02,0.26,1,0,0,0.291,1.2,LOW
43.89,0.273,0,1,0,0.369,0.9,LOW
116.62,0.424,5,2,0,0.477,1.8,HIGH
62.91,0.277,2,2,0,0.5,1.6,MEDIUM
14.25,0.171,0,0,1,0.17,1.3,LOW
26.23,0.321,2,1,1,0.111,1.8,MEDIUM
143.48,0.672,1,1,1,0.128,1.8,MEDIUM
130.49,0.687,1,1,1,0.534,0.8,HIGH
56.36,0.229,0,0,2,0.488,1.8,LOW
37.86,0.184,2,0,1,0.269,1.2,LOW
87.44,0.584,2,0,0,0.546,1.6,MEDIUM
43.92,0.166,3,0,0,0.191,1.2,LOW
23.81,0.238,0,0,0,0.285,1.6,LOW
31.31,0.132,6,0,1,0.365,1.6,MEDIUM
156.39,0.656,1,0,0,0.054,1.3,MEDIUM
36.32,0.217,3,0,0,0.271,1.6,LOW
44.48,0.265,0,0,1,0.511,0.8,LOW
27.04,0.117,3,2,0,0.197,1.0,MEDIUM
128.99,0.57,2,1,1,0.519,1.8,HIGH
83.68,0.541,2,0,0,0.215,1.2,MEDIUM
30.07,0.225,0,0,1,0.347,0.8,LOW
67.68,0.243,4,0,0,0.897,0.8,MEDIUM
37.78,0.166,0,1,3,0.287,1.6,MEDIUM
153.16,0.817,1,2,0,0.303,1.8,HIGH
174.07,0.702,1,1,0,0.399,1.8,MEDIUM
26.31,0.293,0,2,2,0.218,0.9,MEDIUM
107.09,0.482,0,0,0,0.145,1.8,MEDIUM
54.12,0.438,2,0,0,0.179,1.2,LOW
105.83,0.575,0,0,0,0.541,1.6,MEDIUM
81.77,0.586,1,1,1,0.173,0.8,MEDIUM
76.61,0.51,1,0,0,0.357,1.2,MEDIUM
77.28,0.371,1,0,1,0.323,1.3,MEDIUM
64.36,0.261,2,0,0,0.231,1.8,LOW
104.71,0.408,1,0,2,0.279,1.8,MEDIUM
144.73,0.621,0,0,0,0.374,1.0,MEDIUM
80.91,0.388,0,1,0,0.162,1.6,MEDIUM
139.68,0.599,3,0,0,0.383,1.3,MEDIUM
144.4,0.692,0,0,0,0.26,1.8,MEDIUM
93.85,0.555,2,0,1,0.546,1.8,MEDIUM
23.67,0.301,3,1,0,0.346,1.2,MEDIUM
72.05,0.409,3,0,0,0.496,1.0,MEDIUM
88.33,0.566,5,0,0,0.11,1.8,MEDIUM
73.15,0.549,2,0,0,0.174,1.6,MEDIUM
103.68,0.515,1,0,0,0.414,1.0,MEDIUM
47.43,0.179,3,1,0,0.331,1.0,MEDIUM
40.28,0.238,6,1,0,0.123,0.8,MEDIUM
109.91,0.386,3,0,2,0.436,1.0,MEDIUM
54.75,0.456,1,0,0,0.555,0.9,LOW
62.58,0.387,2,0,0,0.557,1.8,MEDIUM
80.04,0.405,0,0,0,0.262,1.6,LOW
68.06,0.342,3,0,0,0.126,1.3,LOW
52.13,0.433,1,0,1,0.267,1.0,LOW
183.66,0.725,3,1,0,0.224,1.0,HIGH
24.43,0.188,1,0,0,0.302,1.3,LOW
129.82,0.572,0,2,1,0.355,0.9,HIGH
39.1,0.222,4,0,1,0.267,1.0,LOW
114.22,0.527,3,0,0,0.462,1.6,MEDIUM
36.48,0.427,0,0,0,0.126,1.8,LOW
63.11,0.488,4,1,0,0.284,1.2,MEDIUM
183.26,0.804,0,2,1,0.31,1.8,HIGH
35.54,0.265,1,2,0,0.354,1.3,MEDIUM
105.89,0.563,1,0,1,0.182,1.8,MEDIUM
141.41,0.78,2,0,0,0.449,1.3,MEDIUM
19.88,0.102,2,0,0,0.477,1.6,LOW
54.13,0.289,0,2,1,0.291,1.6,MEDIUM
60.71,0.465,1,0,0,0.238,0.8,LOW
179.67,0.643,1,0,0,0.375,1.8,MEDIUM
76.23,0.454,1,0,2,0.264,1.0,MEDIUM
120.21,0.519,5,0,2,0.426,1.8,MEDIUM
117.35,0.475,1,0,0,0.234,1.2,MEDIUM
41.75,0.342,0,0,0,0.499,0.9,LOW
52.31,0.48,3,0,0,0.554,1.8,MEDIUM
72.93,0.497,0,0,0,0.395,1.3,LOW
90.45,0.437,2,0,0,0.127,1.0,MEDIUM
33.07,0.386,3,0,1,0.21,0.8,LOW
52.94,0.403,0,0,2,0.387,0.8,MEDIUM
89.79,0.364,4,0,0,0.342,0.9,MEDIUM
90.18,0.493,1,0,0,0.112,1.6,MEDIUM
98.81,0.522,2,1,1,0.107,0.8,MEDIUM
48.81,0.424,2,0,0,0.526,0.8,MEDIUM
193.74,0.761,0,0,0,0.082,1.6,MEDIUM
56.61,0.327,1,0,0,0.447,1.0,LOW
118.27,0.68,0,0,0,0.376,1.2,MEDIUM
91.05,0.595,5,0,0,0.275,0.9,MEDIUM
88.48,0.374,1,0,0,0.1,1.6,LOW
120.88,0.52,3,0,0,0.309,1.8,MEDIUM
53.34,0.388,2,0,0,0.359,1.0,LOW
20.62,0.352,1,2,0,0.278,1.2,MEDIUM
150.3,0.592,3,0,2,0.358,1.0,MEDIUM
19.2,0.148,2,0,2,0.438,0.9,LOW
56.13,0.389,2,1,0,0.408,1.3,MEDIUM
62.42,0.244,6,1,0,0.442,1.8,MEDIUM
25.08,0.316,0,0,1,0.227,0.9,LOW
119.14,0.503,0,0,0,0.324,1.2,MEDIUM
87.96,0.311,0,0,0,0.608,0.9,LOW
78.18,0.483,3,0,0,0.525,1.6,MEDIUM
99.32,0.602,0,1,0,0.137,1.8,MEDIUM
100.67,0.607,4,0,0,0.023,1.0,MEDIUM
101.86,0.43,1,0,1,0.097,1.0,MEDIUM
62.07,0.223,5,1,2,0.391,1.6,MEDIUM
139.85,0.574,0,0,0,0.288,1.8,MEDIUM
53.45,0.21,4,1,1,0.22,0.8,MEDIUM
96.08,0.556,0,0,0,0.699,0.8,MEDIUM
140.18,0.509,1,0,2,0.638,1.6,MEDIUM
90.99,0.455,3,0,0,0.578,1.2,MEDIUM
98.28,0.388,1,0,1,0.038,0.9,MEDIUM
20.51,0.111,0,0,0,0.142,1.3,LOW
78.05,0.456,1,1,0,0.538,0.8,MEDIUM
204.99,0.782,4,0,0,0.206,1.6,HIGH
110.24,0.624,2,0,0,0.639,0.9,MEDIUM
90.11,0.333,0,1,2,0.188,1.6,MEDIUM
136.39,0.527,3,2,1,0.342,0.8,HIGH
108.68,0.382,1,0,1,0.591,1.3,MEDIUM
74.11,0.353,2,0,0,0.609,1.8,MEDIUM
73.4,0.453,3,1,0,0.666,1.3,MEDIUM
111.63,0.523,5,1,0,0.315,1.3,MEDIUM
54.1,0.308,0,0,0,0.533,1.8,LOW
161.55,0.768,4,0,0,0.193,1.0,HIGH
85.48,0.517,2,0,0,0.32,1.0,MEDIUM
159.27,0.577,0,2,2,0.257,1.0,HIGH
33.85,0.4,3,1,0,0.387,0.9,MEDIUM
185.32,0.807,1,2,1,0.327,1.8,HIGH
65.35,0.483,0,0,0,0.374,1.2,LOW
153.15,0.64,2,0,0,0.642,1.3,MEDIUM
22.17,0.282,0,0,0,0.549,1.2,LOW
143.58,0.664,4,0,0,0.509,1.0,MEDIUM
111.2,0.663,0,2,0,0.273,1.6,MEDIUM
48.36,0.188,1,0,0,0.354,1.2,LOW
40.63,0.388,2,1,0,0.658,0.9,MEDIUM
30.88,0.305,2,0,0,0.297,0.8,LOW
42.61,0.246,0,1,1,0.243,1.3,LOW
160.8,0.754,1,1,0,0.194,1.6,MEDIUM
34.46,0.395,3,0,0,0.407,0.9,LOW
121.86,0.476,2,2,0,0.32,1.3,MEDIUM
156.06,0.832,0,0,0,0.213,0.9,MEDIUM
204.5,0.918,1,0,0,0.098,1.3,MEDIUM
129.54,0.478,0,0,0,0.152,1.8,MEDIUM
80.04,0.539,1,0,1,0.475,1.2,MEDIUM
91.06,0.56,1,0,1,0.315,1.6,MEDIUM
95.56,0.378,3,0,2,0.047,0.9,MEDIUM
155.71,0.665,1,0,0,0.216,1.6,MEDIUM
54.87,0.485,4,1,2,0.043,0.8,MEDIUM
71.92,0.445,0,0,2,0.274,1.8,MEDIUM
131.24,0.506,1,1,2,0.172,1.3,MEDIUM
114.7,0.422,2,0,0,0.324,1.0,MEDIUM
151.3,0.79,2,0,0,0.301,1.8,MEDIUM
15.36,0.285,1,0,0,0.242,0.8,LOW
150.05,0.638,6,0,2,0.087,0.8,HIGH
79.44,0.573,1,2,0,0.54,1.0,MEDIUM
138.65,0.55,0,0,0,0.135,0.9,MEDIUM
41.29,0.289,6,0,0,0.233,0.9,MEDIUM
206.17,0.765,5,0,0,0.361,1.8,HIGH
32.25,0.242,1,0,0,0.535,1.2,LOW
136.82,0.484,5,0,1,0.718,1.3,MEDIUM
29.01,0.168,6,1,0,0.117,1.8,MEDIUM
126.69,0.558,5,1,0,0.365,1.2,HIGH
191.66,0.945,0,0,1,0.466,1.0,MEDIUM
40.04,0.365,0,0,1,0.226,1.3,LOW
103.17,0.365,2,0,0,0.552,0.9,MEDIUM
92.77,0.444,0,0,1,0.144,1.3,MEDIUM
182.53,0.679,2,0,0,0.557,0.9,MEDIUM
20.11,0.348,0,0,1,0.449,1.0,LOW
60.51,0.491,0,1,0,0.364,1.2,MEDIUM
209.46,0.956,0,0,1,0.55,1.6,HIGH
59.01,0.335,1,1,0,0.376,0.8,MEDIUM
127.25,0.719,3,0,0,0.213,1.2,MEDIUM
87.51,0.569,2,0,0,0.067,1.0,MEDIUM
35.61,0.326,0,0,0,0.229,1.0,LOW
108.28,0.389,2,1,1,0.299,1.6,MEDIUM
109.43,0.535,0,0,1,0.259,1.0,MEDIUM
39.78,0.205,2,0,0,0.163,1.2,LOW
66.16,0.493,0,0,1,0.205,1.2,LOW
71.38,0.348,2,0,1,0.282,1.8,MEDIUM
25.05,0.261,0,0,2,0.208,1.0,LOW
168.46,0.641,4,0,0,0.321,1.2,MEDIUM
57.67,0.436,3,0,0,0.405,0.8,MEDIUM
118.26,0.492,5,0,0,0.463,0.9,MEDIUM
83.57,0.358,3,0,0,0.258,1.2,MEDIUM
84.22,0.489,3,0,1,0.061,1.6,MEDIUM
128.93,0.618,6,0,0,0.291,0.9,MEDIUM
42.13,0.214,1,1,0,0.236,1.3,LOW
133.16,0.526,2,0,0,0.267,1.2,MEDIUM
62.38,0.304,2,0,0,0.765,1.2,LOW
40.95,0.315,3,0,0,0.204,1.0,LOW
51.47,0.335,0,0,0,0.579,0.9,LOW
19.67,0.359,0,0,0,0.122,0.9,LOW
50.51,0.183,1,0,1,0.397,1.0,LOW
37.42,0.218,4,0,0,0.232,0.9,LOW
126.59,0.471,0,0,0,0.453,1.3,MEDIUM
48.21,0.289,3,0,3,0.131,1.8,MEDIUM
78.6,0.408,3,0,0,0.123,1.3,MEDIUM
156.32,0.738,1,1,0,0.261,0.9,MEDIUM
78.17,0.459,3,0,2,0.065,0.9,MEDIUM
90.63,0.323,0,1,0,0.269,1.3,MEDIUM
131.09,0.695,1,0,0,0.27,1.0,MEDIUM
84.94,0.507,2,0,0,0.2,1.2,MEDIUM
38.94,0.353,1,0,1,0.328,1.6,LOW
140.23,0.501,2,1,0,0.025,1.3,MEDIUM
103.28,0.627,4,1,0,0.295,0.9,MEDIUM
69.32,0.523,3,0,0,0.143,1.6,MEDIUM
22.39,0.297,1,0,0,0.227,1.0,LOW
149.95,0.589,1,0,0,0.412,1.2,MEDIUM
68.24,0.509,4,0,1,0.612,0.9,MEDIUM
85.09,0.496,1,0,0,0.841,1.6,MEDIUM
70.59,0.387,0,1,2,0.252,1.6,MEDIUM
55.08,0.263,0,0,0,0.336,1.0,LOW
138.14,0.496,2,1,0,0.36,1.3,MEDIUM
181.48,0.718,0,0,1,0.229,1.3,MEDIUM
58.91,0.503,0,0,2,0.183,1.2,MEDIUM
158.2,0.645,3,1,0,0.291,1.2,MEDIUM
62.28,0.312,0,0,2,0.482,1.8,LOW
171.13,0.722,0,0,0,0.101,1.3,MEDIUM
79.98,0.373,0,0,1,0.319,1.2,MEDIUM
102.65,0.58,0,0,0,0.339,0.8,MEDIUM
57.13,0.39,1,0,0,0.564,0.8,LOW
131.73,0.628,3,0,1,0.438,1.3,MEDIUM
15.39,0.309,4,1,0,0.283,1.6,MEDIUM
88.17,0.552,0,0,0,0.035,1.3,MEDIUM
165.61,0.73,1,0,1,0.416,1.0,MEDIUM
40.79,0.313,0,0,0,0.43,0.8,LOW
33.21,0.408,2,0,0,0.754,1.6,LOW
9.68,0.308,3,0,1,0.168,1.0,LOW
62.38,0.479,1,2,0,0.561,1.8,MEDIUM
31.74,0.254,0,0,1,0.532,1.3,LOW
98.9,0.617,4,0,0,0.447,0.9,MEDIUM
112.38,0.472,0,0,0,0.209,1.3,MEDIUM
8.91,0.302,0,1,0,0.375,1.6,LOW
35.64,0.362,2,1,1,0.221,1.3,MEDIUM
147.01,0.517,0,1,0,0.157,0.9,MEDIUM
16.49,0.099,1,0,0,0.471,1.6,LOW
65.81,0.481,1,0,0,0.15,1.6,LOW
78.11,0.461,1,2,1,0.307,1.3,MEDIUM
152.89,0.646,2,0,1,0.408,1.8,MEDIUM
81.15,0.484,3,0,0,0.288,1.3,MEDIUM
37.53,0.219,1,0,2,0.205,1.2,LOW
14.0,0.286,4,0,1,0.626,1.2,LOW
21.78,0.146,5,0,3,0.477,0.8,MEDIUM
79.64,0.501,3,0,1,0.3,1.0,MEDIUM
34.27,0.338,0,0,0,0.307,1.0,LOW
178.92,0.833,1,0,0,0.312,0.8,MEDIUM
119.03,0.504,2,0,0,0.305,1.3,MEDIUM
90.05,0.444,2,1,2,0.362,0.9,MEDIUM
150.37,0.776,0,1,0,0.347,0.8,MEDIUM
134.16,0.652,1,0,0,0.219,1.6,MEDIUM
119.34,0.543,2,0,0,0.498,1.3,MEDIUM
63.49,0.35,5,1,0,0.268,0.9,MEDIUM
61.81,0.357,0,0,1,0.507,1.0,LOW
28.95,0.163,2,1,3,0.508,1.0,MEDIUM
90.3,0.545,0,0,0,0.375,1.0,MEDIUM
114.86,0.441,0,0,0,0.273,0.8,MEDIUM
115.59,0.652,0,2,1,0.261,1.8,HIGH
83.24,0.342,5,1,0,0.107,0.9,MEDIUM
67.65,0.495,3,1,0,0.531,1.0,MEDIUM
22.35,0.224,3,1,0,0.172,1.8,LOW
128.42,0.614,0,3,0,0.528,1.2,HIGH
88.82,0.376,3,0,0,0.481,1.6,MEDIUM
26.81,0.359,2,1,0,0.123,1.0,LOW
92.79,0.421,1,0,0,0.185,1.3,MEDIUM
70.28,0.285,3,0,1,0.105,0.8,LOW
81.22,0.464,0,0,1,0.247,0.8,MEDIUM
84.01,0.343,0,2,1,0.446,0.8,MEDIUM
26.63,0.125,4,0,0,0.358,0.9,LOW
25.51,0.234,1,1,0,0.078,1.6,LOW
100.15,0.421,1,0,1,0.113,1.8,MEDIUM
56.96,0.421,1,0,0,0.108,0.9,LOW
10.91,0.262,0,1,1,0.427,1.3,LOW
37.77,0.3,2,0,0,0.716,1.8,LOW
66.58,0.473,0,0,0,0.298,0.9,LOW
57.92,0.454,3,0,1,0.559,1.0,MEDIUM
77.94,0.552,2,0,2,0.491,0.8,MEDIUM
83.66,0.363,2,0,3,0.592,0.8,MEDIUM
53.06,0.449,0,0,0,0.332,1.2,LOW
52.63,0.424,2,0,0,0.309,1.8,MEDIUM
15.4,0.324,1,0,0,0.299,1.0,LOW
101.29,0.52,0,0,1,0.38,1.3,MEDIUM
110.5,0.648,1,1,0,0.372,1.8,MEDIUM
47.14,0.405,1,1,1,0.246,0.8,MEDIUM
149.89,0.796,1,0,2,0.433,0.8,MEDIUM
82.86,0.504,4,0,0,0.144,1.6,MEDIUM
44.59,0.199,1,1,0,0.165,1.3,LOW
122.05,0.726,0,0,0,0.109,0.9,MEDIUM
147.07,0.721,1,0,0,0.612,0.8,MEDIUM
30.71,0.24,0,0,0,0.556,1.3,LOW
68.93,0.253,1,0,1,0.292,1.8,LOW
89.65,0.323,1,0,0,0.332,1.6,MEDIUM
44.93,0.425,3,0,0,0.408,1.8,LOW
52.25,0.482,0,0,0,0.432,1.8,LOW
32.04,0.377,2,0,3,0.202,1.8,MEDIUM
157.74,0.564,0,0,0,0.698,1.3,MEDIUM
158.2,0.685,0,1,0,0.284,1.6,MEDIUM
117.73,0.504,7,0,0,0.181,1.6,MEDIUM
153.86,0.581,0,3,0,0.213,1.8,HIGH
37.9,0.285,2,1,2,0.303,1.3,MEDIUM
82.59,0.561,4,3,0,0.304,1.6,HIGH
28.53,0.124,2,0,0,0.081,1.6,LOW
14.6,0.163,2,0,0,0.089,1.6,LOW
79.05,0.523,1,0,2,0.29,1.3,MEDIUM
77.89,0.451,1,0,0,0.81,1.2,MEDIUM
41.47,0.24,1,0,0,0.352,0.9,LOW
171.57,0.707,4,1,0,0.19,1.6,HIGH
85.79,0.561,4,0,0,0.349,0.9,MEDIUM
32.12,0.163,2,0,1,0.69,0.8,LOW
114.41,0.659,0,2,0,0.235,1.8,MEDIUM
83.6,0.399,4,0,1,0.138,1.0,MEDIUM
54.7,0.374,3,2,0,0.387,1.0,MEDIUM
36.99,0.177,0,1,1,0.812,1.6,MEDIUM
37.42,0.365,1,1,0,0.345,0.9,LOW
75.66,0.331,1,1,1,0.343,1.6,MEDIUM
120.46,0.427,0,3,0,0.612,0.9,MEDIUM
74.35,0.449,2,0,0,0.148,1.6,MEDIUM
77.1,0.294,0,0,1,0.135,1.0,LOW
99.43,0.614,2,0,0,0.594,1.3,MEDIUM
29.99,0.3,3,0,0,0.208,1.0,LOW
139.12,0.693,4,1,2,0.421,1.8,HIGH
13.21,0.13,0,0,2,0.244,1.8,LOW
124.02,0.615,2,0,1,0.161,0.8,MEDIUM
58.37,0.433,1,1,0,0.318,1.6,MEDIUM
124.69,0.674,1,0,0,0.74,0.8,MEDIUM
72.72,0.552,6,0,0,0.272,1.2,MEDIUM
126.43,0.667,2,1,0,0.259,1.3,MEDIUM
58.92,0.261,1,0,0,0.122,0.9,LOW
12.7,0.093,0,1,1,0.221,0.9,LOW
66.52,0.285,0,0,0,0.073,1.8,LOW
24.42,0.257,3,0,0,0.359,1.3,LOW
189.8,0.914,1,0,0,0.48,1.2,MEDIUM
24.24,0.376,1,0,1,0.208,0.8,LOW
111.4,0.612,1,0,0,0.205,0.9,MEDIUM
109.75,0.407,0,0,2,0.199,1.3,MEDIUM
147.83,0.771,1,1,0,0.388,1.8,HIGH
111.76,0.416,2,0,1,0.225,0.8,MEDIUM
171.94,0.874,2,1,0,0.048,1.3,HIGH
124.12,0.614,4,0,1,0.038,0.8,MEDIUM
37.14,0.265,0,0,0,0.258,0.8,LOW
154.94,0.64,2,0,0,0.38,0.8,MEDIUM
96.73,0.381,1,1,0,0.309,1.8,MEDIUM
118.42,0.624,2,0,0,0.34,1.6,MEDIUM
54.87,0.326,1,0,0,0.429,0.8,LOW
98.4,0.618,3,1,0,0.605,1.3,MEDIUM
52.63,0.441,2,1,1,0.179,1.0,MEDIUM
131.93,0.548,3,3,1,0.203,1.3,HIGH
78.51,0.317,2,0,0,0.464,0.9,MEDIUM
130.33,0.467,1,0,0,0.381,1.2,MEDIUM
93.43,0.605,2,0,0,0.411,1.6,MEDIUM
27.91,0.184,0,1,0,0.629,1.2,LOW
118.79,0.711,1,0,0,0.108,1.3,MEDIUM
91.78,0.357,4,0,0,0.283,1.0,MEDIUM
141.33,0.72,0,0,0,0.651,1.2,MEDIUM
151.34,0.602,4,0,0,0.325,1.2,MEDIUM
146.06,0.585,4,0,0,0.333,1.8,MEDIUM
111.94,0.474,0,0,0,0.04,1.8,MEDIUM
37.77,0.382,0,0,0,0.261,1.6,LOW
34.91,0.329,0,0,1,0.395,1.8,LOW
130.91,0.59,3,3,0,0.229,1.8,HIGH
135.96,0.693,0,0,0,0.492,0.9,MEDIUM
64.62,0.256,1,1,0,0.439,0.8,MEDIUM
58.42,0.365,0,1,0,0.342,1.2,MEDIUM
29.03,0.228,1,1,0,0.361,1.0,LOW
28.43,0.163,2,0,0,0.618,1.0,LOW
145.88,0.804,2,0,0,0.11,1.3,MEDIUM
50.5,0.422,4,0,0,0.149,0.8,LOW
121.35,0.455,3,0,1,0.167,1.2,MEDIUM
49.92,0.315,0,1,0,0.27,1.0,LOW
152.77,0.643,0,0,2,0.148,1.8,MEDIUM
173.59,0.669,0,0,2,0.253,0.8,MEDIUM
107.75,0.4,5,1,3,0.087,0.8,HIGH
54.15,0.374,0,0,0,0.448,1.8,LOW
86.8,0.513,2,0,0,0.519,1.8,MEDIUM
109.0,0.651,1,0,0,0.466,1.8,MEDIUM
105.25,0.512,1,0,1,0.14,1.6,MEDIUM
54.79,0.237,0,0,0,0.302,1.8,LOW
27.87,0.298,1,1,0,0.072,1.8,LOW
17.63,0.302,2,1,1,0.364,1.6,MEDIUM
80.08,0.55,1,0,0,0.303,0.8,MEDIUM
69.12,0.458,1,0,2,0.343,1.0,MEDIUM
43.2,0.392,1,1,1,0.186,1.2,MEDIUM
46.1,0.238,5,0,0,0.362,0.9,LOW
142.33,0.535,0,0,1,0.144,1.6,MEDIUM
117.8,0.611,3,2,0,0.353,1.3,HIGH
32.05,0.185,5,0,0,0.109,1.6,LOW
86.3,0.387,0,0,0,0.491,1.6,MEDIUM
100.94,0.483,0,0,0,0.172,1.0,MEDIUM
31.99,0.309,5,0,0,0.459,1.6,MEDIUM
66.99,0.309,3,0,2,0.383,1.8,MEDIUM
64.85,0.41,0,0,0,0.391,1.3,LOW
15.07,0.169,1,2,0,0.451,0.8,LOW
29.82,0.276,2,0,2,0.389,0.9,LOW
51.76,0.312,0,0,0,0.366,1.2,LOW
19.93,0.243,6,0,1,0.385,1.3,MEDIUM
73.1,0.37,3,0,0,0.284,1.2,MEDIUM
113.7,0.63,1,1,0,0.16,0.8,MEDIUM
69.47,0.349,0,0,0,0.532,0.9,LOW
77.93,0.38,7,0,0,0.709,1.6,MEDIUM
32.61,0.153,4,0,2,0.221,1.0,LOW
174.65,0.892,0,0,0,0.26,1.3,MEDIUM
45.45,0.327,0,0,2,0.104,1.8,LOW
134.38,0.674,1,0,0,0.256,1.2,MEDIUM
99.62,0.63,1,1,0,0.559,1.3,MEDIUM
154.35,0.643,3,0,1,0.277,1.6,MEDIUM
181.51,0.845,1,0,0,0.868,1.6,HIGH
103.1,0.62,1,0,3,0.065,1.2,MEDIUM
168.96,0.739,0,0,1,0.328,1.6,MEDIUM
118.73,0.695,1,0,1,0.457,1.6,MEDIUM
32.5,0.329,0,0,0,0.309,1.3,LOW
44.25,0.337,0,1,0,0.466,1.6,LOW
125.88,0.707,3,0,0,0.111,0.8,MEDIUM
17.16,0.153,1,0,0,0.398,1.8,LOW
125.14,0.637,6,0,1,0.492,0.8,HIGH
116.52,0.42,2,0,0,0.207,1.8,MEDIUM
7.61,0.19,3,0,0,0.06,1.6,LOW
46.25,0.179,0,0,0,0.717,1.3,LOW
57.62,0.279,1,0,0,0.575,1.8,LOW
35.41,0.34,0,1,3,0.438,1.2,MEDIUM
86.41,0.315,2,1,0,0.513,0.8,MEDIUM
102.51,0.411,1,0,0,0.508,0.8,MEDIUM
126.02,0.465,3,0,0,0.207,1.3,MEDIUM
67.37,0.256,0,0,1,0.365,1.3,LOW
88.94,0.561,4,0,0,0.502,0.9,MEDIUM
129.53,0.676,1,0,2,0.303,0.8,MEDIUM
22.47,0.324,0,0,2,0.159,0.8,LOW
65.41,0.234,2,0,1,0.285,1.0,MEDIUM
15.94,0.227,2,0,0,0.545,1.6,LOW
48.64,0.381,2,1,0,0.642,0.8,MEDIUM
136.63,0.549,3,0,0,0.42,1.6,MEDIUM
87.2,0.596,1,3,1,0.122,0.8,MEDIUM
99.74,0.42,0,0,1,0.353,1.8,MEDIUM
90.34,0.451,0,0,0,0.328,0.9,MEDIUM
165.31,0.737,0,0,0,0.494,1.3,MEDIUM
178.48,0.924,1,0,0,0.033,1.2,MEDIUM
39.65,0.293,2,0,3,0.287,1.2,MEDIUM
54.93,0.409,0,0,0,0.647,1.2,LOW
75.88,0.433,4,2,1,0.671,1.0,MEDIUM
26.75,0.15,2,0,1,0.255,1.6,LOW
69.0,0.424,3,0,0,0.126,1.2,MEDIUM
82.78,0.295,0,0,0,0.127,1.2,LOW
20.05,0.196,3,0,0,0.231,1.3,LOW
112.04,0.548,1,0,1,0.587,1.2,MEDIUM
116.58,0.521,0,0,0,0.389,0.9,MEDIUM
97.81,0.58,0,0,2,0.228,1.3,MEDIUM
147.46,0.531,0,0,0,0.185,1.3,MEDIUM
20.34,0.188,2,1,1,0.629,0.8,MEDIUM
142.63,0.645,0,3,1,0.113,1.3,HIGH
44.99,0.315,0,1,0,0.321,1.2,LOW
134.05,0.636,0,0,1,0.684,1.8,MEDIUM
101.28,0.446,0,0,3,0.357,1.6,MEDIUM
138.1,0.705,0,0,1,0.265,1.0,MEDIUM
203.45,0.931,2,1,1,0.387,1.6,HIGH
182.72,0.784,1,0,1,0.384,0.8,MEDIUM
102.04,0.637,1,0,0,0.461,1.3,MEDIUM
80.8,0.295,3,0,2,0.033,0.9,MEDIUM
5.35,0.078,6,1,1,0.103,0.9,LOW
50.36,0.467,3,2,0,0.108,0.8,MEDIUM
43.64,0.38,5,0,0,0.295,1.6,MEDIUM
70.34,0.539,4,0,3,0.389,1.6,MEDIUM
32.96,0.261,0,0,1,0.362,1.2,LOW
28.48,0.31,5,0,0,0.261,1.3,LOW
62.38,0.487,1,0,0,0.178,0.8,LOW
72.48,0.482,1,1,0,0.243,1.6,MEDIUM
56.65,0.28,1,1,0,0.262,1.3,LOW
42.06,0.372,0,0,0,0.358,1.6,LOW
97.29,0.441,0,0,0,0.418,1.6,MEDIUM
61.6,0.253,0,2,0,0.461,1.6,MEDIUM
133.58,0.645,2,0,0,0.315,1.0,MEDIUM
174.19,0.804,1,1,0,0.485,1.2,HIGH
86.69,0.357,0,0,0,0.264,1.6,LOW
19.71,0.121,2,0,0,0.197,0.8,LOW
126.41,0.659,4,1,0,0.423,1.6,HIGH
119.46,0.579,1,0,1,0.055,1.2,MEDIUM
38.19,0.216,1,2,0,0.194,1.2,MEDIUM
135.43,0.504,0,1,1,0.129,0.9,MEDIUM
34.81,0.15,3,0,1,0.191,1.8,LOW
112.81,0.531,2,0,0,0.299,1.6,MEDIUM
35.89,0.213,3,0,0,0.471,0.9,LOW
23.19,0.195,1,0,0,0.071,1.0,LOW
54.6,0.435,2,0,0,0.696,1.0,MEDIUM
142.28,0.676,1,0,3,0.26,1.0,MEDIUM
87.43,0.554,2,1,1,0.315,0.8,MEDIUM
149.39,0.717,0,0,0,0.703,1.0,MEDIUM
71.1,0.47,3,2,1,0.266,1.3,MEDIUM
73.73,0.521,3,1,0,0.442,1.0,MEDIUM
68.73,0.385,1,0,0,0.19,1.2,LOW
49.88,0.431,2,0,1,0.203,1.8,MEDIUM
119.16,0.609,0,2,0,0.424,1.3,MEDIUM
98.01,0.429,2,2,0,0.451,1.2,MEDIUM
98.97,0.55,0,0,1,0.191,0.9,MEDIUM
41.8,0.4,1,0,2,0.267,0.8,LOW
210.19,0.98,2,0,0,0.301,1.2,MEDIUM
167.46,0.683,0,1,1,0.416,1.8,MEDIUM
30.28,0.15,0,1,0,0.716,1.6,LOW
5.15,0.182,4,1,0,0.351,1.2,LOW
61.38,0.342,1,0,3,0.402,1.8,MEDIUM
75.75,0.381,0,2,0,0.551,1.6,MEDIUM
78.95,0.429,2,0,0,0.179,0.8,MEDIUM
95.32,0.477,2,0,0,0.27,1.8,MEDIUM
55.9,0.412,0,0,0,0.209,1.0,LOW
192.55,0.767,0,0,0,0.388,1.2,MEDIUM
153.54,0.612,2,0,1,0.172,1.0,MEDIUM
91.39,0.396,1,0,0,0.541,1.8,MEDIUM
68.57,0.297,0,1,2,0.339,1.2,MEDIUM
47.02,0.182,0,3,0,0.385,1.8,MEDIUM
92.0,0.462,5,0,0,0.277,1.3,MEDIUM
81.65,0.512,0,0,0,0.48,1.0,MEDIUM
9.25,0.223,0,0,1,0.165,1.6,LOW
78.17,0.557,0,0,0,0.511,0.9,MEDIUM
129.4,0.5,4,0,0,0.506,1.3,MEDIUM
137.22,0.581,1,0,0,0.337,0.8,MEDIUM
84.05,0.578,1,1,0,0.439,0.8,MEDIUM
109.48,0.483,1,0,0,0.139,1.8,MEDIUM
149.29,0.775,1,0,0,0.503,1.8,MEDIUM
48.47,0.339,3,0,0,0.72,0.9,MEDIUM
59.64,0.483,0,0,1,0.222,1.8,MEDIUM
103.17,0.391,2,1,0,0.253,1.8,MEDIUM
209.11,0.846,0,1,0,0.051,1.2,MEDIUM
156.97,0.586,2,0,0,0.355,1.6,MEDIUM
73.15,0.422,1,0,0,0.49,1.0,MEDIUM
85.6,0.532,1,1,0,0.499,1.6,MEDIUM
74.9,0.54,2,0,0,0.08,0.8,MEDIUM
25.07,0.321,4,0,0,0.215,1.6,LOW
146.72,0.659,2,0,0,0.253,0.9,MEDIUM
123.81,0.643,2,0,1,0.326,1.0,MEDIUM
93.03,0.503,0,2,0,0.147,0.9,MEDIUM
63.74,0.452,0,1,0,0.448,1.0,MEDIUM
105.35,0.614,5,1,0,0.372,1.0,HIGH
147.33,0.605,0,0,0,0.204,1.2,MEDIUM
108.94,0.529,0,0,1,0.148,1.0,MEDIUM
35.55,0.144,3,0,0,0.344,1.3,LOW
107.22,0.384,4,0,0,0.505,1.3,MEDIUM
122.27,0.451,5,1,0,0.079,1.2,MEDIUM
154.8,0.599,1,1,0,0.292,0.9,MEDIUM
190.07,0.826,0,0,1,0.266,1.6,MEDIUM
60.34,0.221,1,0,1,0.425,0.8,LOW
124.05,0.649,2,0,0,0.037,0.9,MEDIUM
27.71,0.381,2,0,1,0.538,1.6,LOW
101.67,0.586,0,1,0,0.335,0.9,MEDIUM
87.01,0.401,0,0,0,0.077,1.3,LOW
76.67,0.405,0,0,0,0.326,1.2,LOW
37.73,0.287,4,0,1,0.261,1.3,MEDIUM
73.96,0.314,4,0,0,0.231,1.3,MEDIUM
130.97,0.501,1,1,0,0.417,1.0,MEDIUM
72.86,0.289,0,0,0,0.5,1.3,LOW
33.89,0.194,2,0,0,0.446,0.8,LOW
118.61,0.697,4,2,0,0.416,0.8,HIGH
23.74,0.37,2,2,0,0.301,1.0,MEDIUM
99.33,0.355,1,0,0,0.335,1.8,MEDIUM
174.35,0.625,4,0,1,0.104,1.6,MEDIUM
86.87,0.41,1,0,3,0.285,1.0,MEDIUM
157.89,0.554,5,0,0,0.15,1.6,MEDIUM
88.79,0.61,0,1,0,0.442,1.3,MEDIUM
46.96,0.319,2,1,1,0.468,1.0,MEDIUM
26.67,0.262,0,0,0,0.453,0.8,LOW
135.4,0.749,4,0,1,0.182,1.3,HIGH
65.37,0.499,1,0,0,0.206,1.2,LOW
38.87,0.303,1,0,0,0.205,1.6,LOW
65.18,0.262,3,1,0,0.314,1.8,MEDIUM
52.29,0.384,3,0,0,0.299,1.8,MEDIUM
151.31,0.595,2,0,0,0.285,1.3,MEDIUM
53.15,0.449,3,0,0,0.207,1.0,MEDIUM
115.18,0.697,3,0,0,0.404,1.8,MEDIUM
167.16,0.823,2,0,0,0.487,1.3,MEDIUM
207.99,0.955,3,0,0,0.117,1.8,HIGH
111.68,0.682,3,1,0,0.028,1.3,MEDIUM
44.74,0.243,1,1,0,0.439,0.8,LOW
167.72,0.805,2,0,1,0.356,0.8,MEDIUM
167.34,0.603,1,0,1,0.301,1.8,MEDIUM
147.46,0.613,0,1,0,0.493,0.9,MEDIUM
116.31,0.437,5,0,0,0.262,1.6,MEDIUM
125.14,0.679,1,0,0,0.395,1.8,MEDIUM
196.29,0.972,0,0,1,0.248,0.8,MEDIUM
58.57,0.404,0,0,0,0.173,1.2,LOW
47.83,0.205,2,0,0,0.177,0.9,LOW
64.43,0.323,1,0,0,0.231,1.6,LOW
82.23,0.554,0,0,1,0.255,0.9,MEDIUM
59.63,0.388,1,1,0,0.353,1.8,MEDIUM
68.1,0.468,1,0,2,0.479,0.9,MEDIUM
165.24,0.676,2,1,0,0.175,0.8,MEDIUM
75.29,0.396,2,0,0,0.154,1.0,LOW
24.55,0.344,2,0,0,0.462,1.3,LOW
115.37,0.438,0,0,1,0.52,1.8,MEDIUM
105.63,0.449,0,0,0,0.087,1.8,MEDIUM
43.71,0.213,3,0,1,0.599,1.3,LOW
42.43,0.254,6,0,0,0.417,1.2,MEDIUM
83.71,0.403,3,0,0,0.229,0.8,MEDIUM
153.64,0.626,1,2,0,0.156,1.3,HIGH
34.16,0.366,1,0,0,0.656,1.6,LOW
51.43,0.36,0,3,0,0.125,0.9,MEDIUM
119.09,0.428,3,1,0,0.177,1.8,MEDIUM
51.47,0.379,0,1,0,0.428,0.8,MEDIUM
106.48,0.639,1,0,0,0.176,0.9,MEDIUM
40.78,0.332,1,0,0,0.222,1.3,LOW
155.46,0.625,0,0,0,0.233,1.3,MEDIUM
97.38,0.527,2,0,1,0.2,0.8,MEDIUM
106.76,0.586,3,0,0,0.222,0.9,MEDIUM
106.07,0.636,1,0,0,0.253,1.6,MEDIUM
69.09,0.347,0,0,0,0.555,1.6,LOW
24.42,0.29,0,2,0,0.414,1.2,MEDIUM
179.41,0.785,1,2,0,0.452,1.0,HIGH
80.37,0.527,2,0,1,0.272,1.3,MEDIUM
5.08,0.27,0,0,0,0.417,1.3,LOW
88.8,0.56,2,2,0,0.304,1.2,MEDIUM
27.06,0.138,1,0,0,0.193,1.3,LOW
60.34,0.211,0,0,0,0.263,1.3,LOW
101.21,0.464,0,0,3,0.237,1.3,MEDIUM
138.94,0.611,1,0,1,0.247,0.8,MEDIUM
184.63,0.8,6,0,0,0.133,0.8,HIGH
90.77,0.536,0,2,0,0.369,0.8,MEDIUM
53.49,0.26,0,0,1,0.272,0.8,LOW
22.24,0.368,0,0,0,0.17,1.2,LOW
145.09,0.674,2,0,1,0.288,1.3,MEDIUM
91.42,0.612,3,0,0,0.191,0.8,MEDIUM
73.33,0.346,2,0,0,0.498,1.2,LOW
30.84,0.343,1,0,1,0.39,1.0,LOW
43.33,0.178,0,0,0,0.636,1.2,LOW
65.35,0.353,3,0,0,0.17,0.8,LOW
91.71,0.529,1,0,1,0.44,0.8,MEDIUM
78.33,0.506,3,0,2,0.308,1.6,MEDIUM
78.58,0.549,2,1,0,0.269,1.6,MEDIUM
108.6,0.412,2,0,0,0.203,1.6,MEDIUM
51.24,0.476,2,1,1,0.452,1.3,MEDIUM
36.19,0.139,2,0,0,0.293,0.8,LOW
67.16,0.237,0,1,0,0.425,1.2,MEDIUM
101.2,0.355,2,2,0,0.078,1.8,MEDIUM
100.76,0.487,0,0,0,0.311,1.2,MEDIUM
53.31,0.19,5,0,0,0.154,1.0,LOW
84.86,0.312,2,0,0,0.112,1.6,MEDIUM
44.65,0.456,0,0,0,0.315,0.9,LOW
129.98,0.458,3,0,0,0.137,1.3,MEDIUM
111.84,0.536,1,1,2,0.249,1.2,MEDIUM
174.12,0.824,1,0,0,0.474,0.8,MEDIUM
119.21,0.461,2,2,0,0.165,1.2,MEDIUM
6.51,0.12,6,0,0,0.222,1.0,LOW
58.95,0.234,0,0,0,0.17,1.6,LOW
127.17,0.654,0,0,0,0.312,1.0,MEDIUM
46.4,0.192,0,0,0,0.515,1.3,LOW
57.0,0.455,2,3,0,0.43,1.2,MEDIUM
26.91,0.324,6,0,0,0.602,1.8,MEDIUM
32.44,0.399,3,0,0,0.424,1.2,LOW
71.66,0.316,0,0,0,0.399,1.2,LOW
85.31,0.551,0,0,0,0.089,1.6,MEDIUM
25.33,0.208,1,0,0,0.546,0.8,LOW
219.19,0.973,0,1,0,0.549,1.2,HIGH
28.28,0.399,0,0,2,0.479,0.8,LOW
87.49,0.447,2,0,0,0.371,1.2,MEDIUM
22.44,0.283,3,1,3,0.296,1.8,MEDIUM
31.93,0.186,2,2,0,0.164,1.8,MEDIUM
136.4,0.655,0,1,0,0.391,0.8,MEDIUM
43.77,0.451,2,0,0,0.409,1.2,LOW
25.9,0.111,6,0,0,0.22,0.9,LOW
109.0,0.651,1,1,0,0.523,1.6,MEDIUM
131.62,0.737,0,1,0,0.183,1.6,MEDIUM
71.67,0.287,0,0,0,0.532,1.8,LOW
103.45,0.402,1,1,1,0.155,0.9,MEDIUM
59.1,0.432,0,0,0,0.471,1.3,LOW
16.62,0.347,4,0,0,0.171,0.8,LOW
43.05,0.276,1,0,0,0.55,1.8,LOW
50.65,0.453,1,0,0,0.268,0.9,LOW
39.78,0.177,0,1,1,0.169,1.8,LOW
123.61,0.638,0,0,0,0.22,0.8,MEDIUM
106.55,0.521,6,1,2,0.041,0.8,HIGH
61.9,0.37,0,0,0,0.173,1.3,LOW
147.76,0.8,1,1,0,0.227,1.6,HIGH
57.23,0.397,3,2,0,0.187,1.3,MEDIUM
44.95,0.321,2,1,0,0.103,0.8,MEDIUM
69.01,0.482,1,0,0,0.185,0.9,MEDIUM
39.44,0.284,1,0,1,0.14,1.0,LOW
57.34,0.459,4,1,0,0.6,1.8,MEDIUM
102.78,0.424,2,0,1,0.12,1.8,MEDIUM
83.84,0.43,0,1,2,0.218,1.8,MEDIUM
129.66,0.55,3,0,0,0.475,0.9,MEDIUM
19.98,0.296,0,0,1,0.278,1.3,LOW
11.96,0.244,3,0,0,0.342,0.8,LOW
30.9,0.223,1,1,1,0.258,1.2,LOW
68.46,0.297,0,1,0,0.168,1.6,MEDIUM
9.01,0.212,5,0,0,0.185,1.0,LOW
202.05,0.892,0,0,1,0.095,1.3,MEDIUM
52.08,0.348,1,0,0,0.132,1.2,LOW
89.5,0.6,0,0,0,0.292,1.2,MEDIUM
155.93,0.751,1,1,2,0.274,1.8,HIGH
124.6,0.709,2,0,1,0.025,1.3,MEDIUM
67.36,0.379,3,0,0,0.239,0.8,LOW
54.29,0.329,1,0,1,0.13,1.3,LOW
207.23,0.719,5,3,0,0.306,1.8,HIGH
69.58,0.246,1,1,1,0.084,0.8,MEDIUM
57.71,0.396,0,0,0,0.508,0.9,LOW
52.54,0.233,1,0,1,0.631,1.3,LOW
141.97,0.716,7,0,1,0.592,0.8,HIGH
163.16,0.867,0,0,0,0.324,0.9,MEDIUM
22.02,0.253,0,0,1,0.567,1.3,LOW
125.53,0.606,1,0,0,0.181,0.8,MEDIUM
42.54,0.418,3,1,1,0.104,1.8,MEDIUM
33.82,0.363,0,1,1,0.25,0.8,LOW
72.58,0.323,1,0,0,0.105,0.9,LOW
162.81,0.768,4,0,2,0.524,1.3,HIGH
140.92,0.759,0,0,1,0.389,1.3,MEDIUM
80.43,0.444,0,0,1,0.183,1.3,MEDIUM
34.46,0.337,0,0,1,0.173,1.6,LOW
136.19,0.709,2,0,0,0.147,0.9,MEDIUM
73.45,0.413,0,0,1,0.341,0.8,LOW
83.64,0.404,0,0,0,0.274,1.3,LOW
58.85,0.254,2,0,1,0.227,1.2,LOW
45.76,0.241,0,0,0,0.16,1.0,LOW
128.0,0.695,0,2,0,0.484,1.2,HIGH
195.69,0.737,6,1,2,0.18,1.0,HIGH
123.15,0.594,0,1,0,0.223,1.8,MEDIUM
143.05,0.62,5,0,0,0.217,0.8,MEDIUM
82.17,0.339,0,0,2,0.328,1.6,MEDIUM
67.64,0.426,3,0,2,0.447,1.2,MEDIUM
82.65,0.39,2,0,1,0.398,1.6,MEDIUM
46.59,0.197,3,0,1,0.417,1.3,LOW
46.74,0.304,0,1,0,0.079,1.0,LOW
22.2,0.256,5,0,1,0.179,1.0,LOW
53.46,0.344,2,0,2,0.375,1.6,MEDIUM
204.63,0.838,1,1,3,0.022,0.8,HIGH
64.12,0.383,0,0,0,0.357,1.3,LOW
119.82,0.71,0,1,0,0.151,1.3,MEDIUM
16.63,0.338,4,0,1,0.173,1.0,LOW
36.73,0.421,1,0,0,0.072,0.9,LOW
110.79,0.51,4,0,1,0.197,1.0,MEDIUM
64.43,0.378,1,1,1,0.105,0.8,MEDIUM
54.08,0.287,1,0,0,0.668,1.8,LOW
81.9,0.562,2,2,0,0.109,0.9,MEDIUM
101.85,0.593,4,3,0,0.155,1.0,HIGH
55.19,0.26,0,1,0,0.389,1.0,LOW
148.89,0.677,0,0,0,0.112,1.8,MEDIUM
124.94,0.73,3,0,0,0.358,1.2,MEDIUM
69.96,0.529,3,2,3,0.221,0.8,HIGH
115.11,0.506,1,0,1,0.123,0.8,MEDIUM
45.42,0.199,5,1,0,0.439,1.8,MEDIUM
54.6,0.372,1,0,0,0.163,1.8,LOW
138.39,0.552,2,2,0,0.269,0.9,HIGH
90.97,0.589,0,1,1,0.461,1.8,MEDIUM
76.35,0.433,5,0,1,0.234,0.8,MEDIUM
98.3,0.5,4,2,0,0.285,0.9,MEDIUM
62.59,0.293,2,0,0,0.222,1.6,LOW
59.86,0.323,1,0,0,0.27,1.3,LOW
81.17,0.503,0,1,1,0.582,1.6,MEDIUM
40.65,0.174,2,0,0,0.522,1.6,LOW
56.75,0.205,5,0,0,0.167,1.6,MEDIUM
14.42,0.229,3,0,3,0.398,1.0,MEDIUM
91.87,0.544,0,0,1,0.379,1.2,MEDIUM
20.2,0.225,0,0,0,0.149,1.0,LOW
41.78,0.153,1,3,0,0.447,1.0,MEDIUM
29.9,0.132,1,0,0,0.197,1.0,LOW
71.9,0.533,0,0,0,0.166,1.6,LOW
64.76,0.359,0,1,0,0.331,1.0,MEDIUM
91.28,0.374,1,0,1,0.188,1.0,MEDIUM
158.64,0.672,4,0,0,0.161,1.6,MEDIUM
124.49,0.452,2,1,0,0.469,0.8,MEDIUM
87.18,0.412,1,0,1,0.158,1.0,MEDIUM
19.94,0.104,3,0,2,0.242,0.8,LOW
68.33,0.392,0,0,2,0.103,1.3,MEDIUM
70.07,0.518,0,0,2,0.316,1.6,MEDIUM
177.7,0.899,1,0,0,0.398,1.2,MEDIUM
4.51,0.208,1,1,2,0.437,1.3,LOW
35.09,0.188,0,1,1,0.311,1.6,LOW
77.23,0.291,0,0,1,0.491,1.2,LOW
147.76,0.519,1,1,0,0.192,1.8,MEDIUM
53.78,0.201,1,0,1,0.217,0.9,LOW
72.03,0.348,2,2,3,0.419,0.8,MEDIUM
56.56,0.461,1,2,0,0.284,1.6,MEDIUM
38.66,0.402,1,0,0,0.523,0.9,LOW
81.38,0.567,0,1,1,0.708,1.3,MEDIUM
53.88,0.371,0,0,1,0.575,1.2,LOW
124.98,0.523,2,2,0,0.491,1.3,HIGH
109.6,0.533,0,0,0,0.279,1.0,MEDIUM
48.63,0.412,3,0,1,0.414,1.8,MEDIUM
128.35,0.451,3,2,2,0.371,1.6,HIGH
26.69,0.158,1,0,0,0.659,1.0,LOW
101.26,0.508,0,1,0,0.147,0.9,MEDIUM
52.21,0.432,0,0,0,0.264,1.8,LOW
23.48,0.238,1,0,1,0.375,1.2,LOW
60.3,0.451,0,0,0,0.256,1.2,LOW
84.0,0.503,0,0,0,0.388,1.8,MEDIUM
50.3,0.284,1,0,0,0.473,1.8,LOW
103.49,0.601,6,0,1,0.061,1.8,MEDIUM
10.39,0.046,5,0,0,0.716,1.3,LOW
41.61,0.238,1,0,0,0.315,1.8,LOW
37.18,0.341,1,0,0,0.238,0.8,LOW
70.05,0.47,1,1,0,0.505,1.3,MEDIUM
44.75,0.242,4,0,1,0.603,1.8,MEDIUM
160.55,0.573,0,0,2,0.507,0.8,MEDIUM
110.84,0.458,1,0,2,0.25,0.8,MEDIUM
69.3,0.318,0,0,1,0.215,0.8,LOW
32.42,0.131,1,0,1,0.478,1.3,LOW
47.8,0.343,1,0,0,0.367,1.8,LOW
49.5,0.209,7,1,0,0.36,1.8,MEDIUM
61.67,0.331,1,0,0,0.121,0.8,LOW
64.58,0.302,1,1,0,0.501,1.6,MEDIUM
144.83,0.739,3,0,0,0.392,1.0,MEDIUM
76.17,0.309,0,0,0,0.084,1.3,LOW
36.11,0.351,0,0,1,0.274,1.6,LOW
16.36,0.31,1,0,1,0.479,1.2,LOW
80.42,0.508,4,1,0,0.369,1.0,MEDIUM
79.78,0.515,0,0,0,0.191,1.0,LOW
34.16,0.259,1,0,1,0.02,1.3,LOW
70.28,0.529,1,0,0,0.747,1.3,MEDIUM
108.95,0.512,0,0,0,0.353,1.6,MEDIUM
40.52,0.152,3,0,1,0.522,1.6,LOW
71.19,0.496,0,1,1,0.275,1.0,MEDIUM
48.85,0.446,3,0,0,0.315,1.8,MEDIUM
93.9,0.505,3,2,0,0.648,0.8,HIGH
62.3,0.456,0,2,0,0.275,1.0,MEDIUM
84.04,0.464,2,0,0,0.284,0.8,MEDIUM
121.69,0.646,2,0,0,0.316,1.3,MEDIUM
165.76,0.731,1,0,0,0.194,1.3,MEDIUM
32.69,0.306,0,1,0,0.64,1.0,LOW
38.72,0.356,1,0,0,0.244,0.9,LOW
61.4,0.502,0,1,1,0.36,0.9,MEDIUM
142.51,0.532,2,0,0,0.244,0.8,MEDIUM
30.93,0.4,0,0,0,0.104,1.3,LOW
15.98,0.073,4,0,2,0.39,1.3,LOW
83.57,0.414,0,0,1,0.526,1.3,MEDIUM
73.28,0.527,0,1,0,0.464,0.8,MEDIUM
59.95,0.278,2,0,0,0.34,1.6,LOW
12.06,0.12,2,0,0,0.435,1.8,LOW
50.91,0.316,0,0,1,0.333,1.6,LOW
74.31,0.269,0,0,0,0.314,0.8,LOW
144.09,0.73,3,2,0,0.302,1.0,HIGH
179.48,0.895,0,0,0,0.48,1.0,MEDIUM
44.04,0.246,3,1,0,0.175,1.0,MEDIUM
42.8,0.249,1,0,0,0.362,1.0,LOW
82.68,0.448,0,1,0,0.156,1.3,MEDIUM
143.9,0.622,5,2,0,0.557,0.9,HIGH
67.39,0.28,5,1,1,0.191,1.2,MEDIUM
41.01,0.341,2,1,2,0.425,1.8,MEDIUM
118.13,0.608,1,0,0,0.421,1.2,MEDIUM
93.82,0.562,3,0,0,0.107,1.8,MEDIUM
99.83,0.565,2,0,0,0.481,0.9,MEDIUM
106.59,0.624,0,0,0,0.403,1.8,MEDIUM
43.02,0.164,1,0,1,0.278,0.8,LOW
62.37,0.435,5,0,0,0.515,0.9,MEDIUM
59.76,0.424,2,0,0,0.131,1.0,LOW
43.68,0.306,1,0,0,0.133,0.9,LOW
74.45,0.4,0,0,0,0.477,1.3,LOW
105.17,0.435,3,0,0,0.384,1.0,MEDIUM
65.63,0.292,0,0,0,0.235,1.2,LOW
38.71,0.394,1,0,0,0.372,1.8,LOW
110.89,0.665,1,0,1,0.557,1.6,MEDIUM
77.2,0.334,0,0,0,0.367,0.9,LOW
134.28,0.645,1,0,0,0.248,0.8,MEDIUM
100.63,0.421,5,1,0,0.443,1.2,MEDIUM
42.02,0.378,3,0,0,0.214,1.8,LOW
24.79,0.096,3,0,2,0.249,1.0,LOW
90.1,0.41,1,0,0,0.437,1.3,MEDIUM
54.25,0.44,3,2,1,0.218,1.3,MEDIUM
22.98,0.232,0,0,0,0.343,0.9,LOW
110.81,0.576,1,0,0,0.159,1.3,MEDIUM
44.34,0.352,4,0,0,0.208,0.9,LOW
126.65,0.546,4,0,0,0.61,1.3,MEDIUM
128.7,0.684,3,1,1,0.205,1.3,HIGH
75.21,0.398,1,0,0,0.364,0.8,MEDIUM
55.09,0.459,4,0,0,0.189,1.2,MEDIUM
112.0,0.556,0,0,2,0.039,1.8,MEDIUM
64.11,0.369,1,0,0,0.258,1.3,LOW
41.16,0.168,0,0,1,0.221,1.8,LOW
74.13,0.419,3,0,0,0.326,0.9,MEDIUM
88.91,0.347,0,2,1,0.272,0.8,MEDIUM
109.02,0.448,3,0,0,0.502,1.2,MEDIUM
35.81,0.179,2,0,0,0.341,0.9,LOW
16.65,0.344,2,0,0,0.051,1.8,LOW
46.65,0.279,5,0,0,0.182,0.9,LOW
72.09,0.508,1,1,1,0.031,1.8,MEDIUM
50.88,0.312,0,1,0,0.268,1.3,LOW
118.3,0.686,0,2,0,0.161,0.8,MEDIUM
36.39,0.197,1,0,0,0.381,0.9,LOW
79.75,0.435,0,0,0,0.164,1.6,LOW
41.78,0.333,3,1,0,0.381,0.8,MEDIUM
112.41,0.523,1,1,0,0.267,1.0,MEDIUM
57.67,0.25,1,1,0,0.44,1.2,MEDIUM
59.55,0.229,0,0,0,0.504,1.3,LOW
38.95,0.342,0,0,1,0.141,1.8,LOW
62.6,0.476,2,0,0,0.229,1.6,LOW
185.47,0.683,2,0,1,0.601,1.2,MEDIUM
90.74,0.525,2,1,0,0.226,1.8,MEDIUM
99.64,0.53,3,0,0,0.59,0.9,MEDIUM
83.65,0.422,0,0,2,0.183,1.2,MEDIUM
31.01,0.244,4,2,0,0.241,1.0,MEDIUM
51.37,0.19,2,0,0,0.632,0.8,LOW
103.58,0.604,0,0,0,0.285,0.9,MEDIUM
99.24,0.556,0,0,0,0.243,1.6,MEDIUM
98.56,0.502,1,0,0,0.305,1.3,MEDIUM
130.36,0.736,0,0,2,0.609,1.6,MEDIUM
68.19,0.282,1,0,0,0.26,1.6,LOW
86.24,0.602,0,0,0,0.184,1.2,MEDIUM
53.84,0.206,1,0,0,0.289,0.8,LOW
185.98,0.864,2,0,0,0.372,0.9,MEDIUM
101.05,0.58,2,0,0,0.536,1.2,MEDIUM
174.34,0.764,2,0,0,0.402,0.9,MEDIUM
80.55,0.465,0,0,2,0.155,1.6,MEDIUM
78.77,0.314,2,2,0,0.176,1.8,MEDIUM
62.05,0.452,1,0,0,0.128,0.8,LOW
120.27,0.665,1,0,0,0.085,1.6,MEDIUM
119.0,0.649,2,0,0,0.121,0.9,MEDIUM
67.97,0.373,1,0,0,0.104,0.9,LOW
48.53,0.25,0,1,0,0.333,1.2,LOW
47.8,0.429,0,0,0,0.145,1.2,LOW
166.9,0.661,3,0,3,0.088,1.6,HIGH
74.87,0.557,2,1,0,0.329,1.0,MEDIUM
52.51,0.222,2,1,0,0.425,1.6,MEDIUM
20.54,0.251,1,0,2,0.692,1.6,LOW
80.0,0.427,0,1,1,0.502,1.2,MEDIUM
180.87,0.655,1,0,1,0.333,0.9,MEDIUM
90.25,0.356,1,0,0,0.468,0.9,MEDIUM
74.73,0.457,1,1,0,0.229,1.6,MEDIUM
135.39,0.481,3,0,0,0.788,1.0,MEDIUM
92.54,0.612,1,0,0,0.426,0.9,MEDIUM
163.43,0.764,0,0,2,0.325,0.9,MEDIUM
29.54,0.262,2,1,1,0.074,1.6,MEDIUM
56.92,0.312,1,1,0,0.572,1.3,MEDIUM
64.53,0.237,4,1,0,0.216,1.3,MEDIUM
152.32,0.704,0,0,1,0.2,1.2,MEDIUM
39.22,0.345,0,1,0,0.449,1.3,LOW
55.74,0.472,5,0,0,0.638,0.9,MEDIUM
52.97,0.458,3,0,0,0.271,1.0,MEDIUM
112.49,0.437,5,1,0,0.351,1.3,MEDIUM
130.14,0.508,0,2,0,0.209,0.8,MEDIUM
160.92,0.603,0,1,0,0.35,0.9,MEDIUM
127.55,0.698,1,0,0,0.247,0.9,MEDIUM
113.41,0.49,2,2,0,0.307,1.3,MEDIUM
108.14,0.436,0,0,1,0.536,1.3,MEDIUM
103.43,0.397,2,1,0,0.209,0.9,MEDIUM
26.44,0.231,1,0,0,0.094,0.9,LOW
121.93,0.597,2,1,0,0.301,1.3,MEDIUM
118.21,0.702,0,0,3,0.377,1.0,MEDIUM
62.49,0.388,0,0,0,0.11,0.8,LOW
92.9,0.517,7,0,1,0.507,1.8,MEDIUM
182.88,0.846,2,0,3,0.279,1.8,HIGH
205.59,0.722,3,0,3,0.616,1.2,HIGH
169.19,0.866,1,1,0,0.414,1.6,HIGH
199.29,0.761,4,0,1,0.427,1.2,HIGH
71.38,0.413,2,1,0,0.57,0.8,MEDIUM
39.25,0.324,6,0,0,0.23,0.8,MEDIUM
53.12,0.372,1,0,0,0.675,1.6,LOW
71.66,0.313,2,0,0,0.23,1.0,LOW
138.08,0.647,3,0,1,0.427,0.8,MEDIUM
101.86,0.592,5,0,0,0.251,0.9,MEDIUM
39.74,0.355,2,0,0,0.137,1.8,LOW
27.54,0.156,0,0,0,0.087,1.0,LOW
83.22,0.38,2,0,0,0.54,0.9,MEDIUM
60.26,0.273,5,0,0,0.448,1.3,MEDIUM
75.65,0.49,0,0,0,0.132,1.2,LOW
12.35,0.11,0,0,0,0.456,0.8,LOW
31.76,0.21,3,0,0,0.551,0.9,LOW
156.66,0.618,6,0,0,0.234,1.0,MEDIUM
10.42,0.051,4,0,0,0.117,1.2,LOW
103.59,0.401,3,0,0,0.313,1.8,MEDIUM
149.59,0.708,1,0,1,0.608,1.0,MEDIUM
30.67,0.375,0,0,1,0.573,1.0,LOW
80.43,0.38,0,2,0,0.167,1.2,MEDIUM
60.38,0.423,1,0,1,0.107,1.8,MEDIUM
111.98,0.478,1,1,1,0.063,1.3,MEDIUM
101.2,0.594,5,0,0,0.233,1.2,MEDIUM
49.47,0.418,3,0,0,0.43,0.9,MEDIUM
172.52,0.745,1,0,0,0.402,1.8,MEDIUM
20.36,0.101,4,1,0,0.306,1.6,LOW
134.58,0.68,0,0,0,0.663,1.6,MEDIUM
52.77,0.38,1,0,0,0.35,1.3,LOW
176.55,0.758,4,0,1,0.45,1.8,HIGH
99.03,0.391,0,0,0,0.222,0.9,MEDIUM
115.35,0.628,0,0,0,0.149,0.8,MEDIUM
140.29,0.575,1,0,0,0.244,1.3,MEDIUM
77.78,0.551,2,2,0,0.229,1.3,MEDIUM
85.41,0.449,3,0,0,0.19,1.8,MEDIUM
49.37,0.211,2,2,1,0.096,1.8,MEDIUM
114.54,0.423,2,1,0,0.202,1.6,MEDIUM
25.8,0.189,1,0,0,0.317,0.9,LOW
30.19,0.24,1,0,0,0.055,0.8,LOW
183.86,0.693,0,1,0,0.21,1.8,MEDIUM
95.76,0.588,1,1,0,0.241,1.3,MEDIUM
82.68,0.542,2,0,0,0.263,1.8,MEDIUM
40.95,0.428,2,1,0,0.44,1.2,MEDIUM
61.57,0.329,0,0,0,0.386,1.2,LOW
181.27,0.67,1,0,1,0.458,1.6,MEDIUM
53.29,0.219,4,0,2,0.592,0.8,MEDIUM
51.8,0.407,0,0,1,0.207,1.6,LOW
25.6,0.295,0,0,0,0.334,1.3,LOW
56.71,0.452,1,1,0,0.057,1.8,MEDIUM
37.13,0.279,2,1,2,0.273,0.9,MEDIUM
91.62,0.556,2,1,0,0.509,1.6,MEDIUM
61.74,0.443,0,0,0,0.219,0.8,LOW
28.0,0.211,0,0,3,0.417,0.9,LOW
63.91,0.48,1,2,0,0.605,0.9,MEDIUM
132.43,0.721,0,0,1,0.328,1.8,MEDIUM
63.75,0.375,1,0,0,0.31,1.3,LOW
137.64,0.767,2,0,0,0.222,0.8,MEDIUM
51.73,0.455,2,0,1,0.27,0.9,MEDIUM
24.57,0.249,1,0,0,0.309,1.6,LOW
190.33,0.82,0,0,0,0.139,1.6,MEDIUM
52.54,0.303,3,0,0,0.212,0.9,LOW
100.28,0.641,2,0,0,0.743,1.6,MEDIUM
100.42,0.6,0,1,0,0.383,1.8,MEDIUM
76.9,0.395,4,3,0,0.176,1.8,MEDIUM
51.39,0.39,2,0,0,0.366,1.6,LOW
94.25,0.541,0,0,1,0.285,1.6,MEDIUM
166.61,0.785,1,2,0,0.214,1.8,HIGH
58.53,0.391,0,0,0,0.324,0.9,LOW
120.2,0.575,4,1,2,0.291,0.8,HIGH
4.81,0.267,0,0,0,0.418,1.3,LOW
133.58,0.49,3,0,0,0.492,1.8,MEDIUM
179.41,0.68,1,0,0,0.371,0.9,MEDIUM
125.74,0.659,5,0,1,0.43,1.8,HIGH
62.47,0.335,5,1,0,0.603,1.8,MEDIUM
100.66,0.417,6,0,0,0.316,0.9,MEDIUM
115.55,0.582,1,1,2,0.273,1.8,MEDIUM
161.78,0.705,1,0,1,0.313,1.0,MEDIUM
79.73,0.482,0,0,0,0.129,0.8,LOW
58.09,0.301,3,0,0,0.4,1.3,LOW
112.95,0.546,4,3,0,0.367,1.2,HIGH
136.04,0.515,3,1,1,0.325,0.9,MEDIUM
31.77,0.258,0,0,0,0.326,0.8,LOW
109.91,0.422,5,0,1,0.245,1.2,MEDIUM
11.8,0.1,0,0,0,0.087,0.9,LOW
177.47,0.87,0,0,2,0.356,1.2,HIGH
48.72,0.404,4,0,0,0.28,1.0,MEDIUM
53.54,0.306,0,1,0,0.261,1.0,LOW
68.07,0.423,0,0,0,0.127,1.8,LOW
22.16,0.235,3,0,0,0.348,0.9,LOW
43.6,0.394,2,1,0,0.17,1.6,MEDIUM
37.48,0.411,0,0,0,0.16,1.6,LOW
115.64,0.542,0,0,0,0.338,0.8,MEDIUM
55.91,0.273,3,0,0,0.436,1.0,LOW
45.56,0.217,4,0,0,0.211,0.8,LOW
25.13,0.104,0,0,0,0.459,1.2,LOW
139.27,0.53,4,0,0,0.373,1.3,MEDIUM
20.59,0.239,3,0,0,0.538,1.0,LOW
152.9,0.832,0,0,1,0.543,1.0,MEDIUM
96.95,0.441,0,0,2,0.226,1.3,MEDIUM
105.02,0.438,3,0,0,0.165,0.9,MEDIUM
60.34,0.299,1,0,0,0.297,1.0,LOW
12.89,0.142,1,0,0,0.25,1.0,LOW
37.74,0.228,4,0,0,0.554,1.8,MEDIUM
68.68,0.38,1,1,0,0.071,1.2,MEDIUM
135.51,0.754,2,0,1,0.381,0.9,MEDIUM
106.35,0.575,0,1,1,0.343,1.6,MEDIUM
45.73,0.244,4,0,0,0.284,0.9,LOW
91.44,0.562,1,2,1,0.227,0.9,MEDIUM
80.36,0.507,2,0,1,0.005,1.0,MEDIUM
38.21,0.319,1,0,0,0.147,0.9,LOW
117.91,0.431,0,0,0,0.124,1.6,MEDIUM
217.26,0.727,1,1,0,0.077,0.8,MEDIUM
61.19,0.266,3,0,0,0.128,0.8,LOW
95.52,0.396,1,1,2,0.317,1.6,MEDIUM
35.38,0.228,0,0,0,0.59,0.9,LOW
57.58,0.267,1,0,0,0.627,1.2,LOW
61.56,0.409,2,3,1,0.161,1.0,MEDIUM
46.52,0.278,2,1,0,0.252,0.8,MEDIUM
19.13,0.219,0,0,1,0.149,1.2,LOW
11.44,0.322,2,0,0,0.481,1.0,LOW
80.35,0.475,0,2,0,0.336,1.6,MEDIUM
126.18,0.51,2,0,0,0.382,1.6,MEDIUM
77.55,0.283,2,1,0,0.291,1.8,MEDIUM
22.53,0.259,2,0,1,0.462,1.8,LOW
198.09,0.694,5,0,0,0.557,1.3,HIGH
176.48,0.909,3,1,0,0.502,1.6,HIGH
102.47,0.561,7,1,0,0.101,0.8,MEDIUM
47.13,0.219,2,0,1,0.614,0.9,LOW
147.28,0.685,6,0,0,0.288,1.8,HIGH
62.8,0.26,1,0,0,0.267,1.8,LOW
60.15,0.493,1,0,0,0.324,1.6,LOW
161.5,0.778,2,0,2,0.494,1.8,HIGH
78.69,0.373,1,0,0,0.111,1.8,LOW
185.37,0.84,2,0,0,0.086,1.2,MEDIUM
10.1,0.097,0,0,2,0.687,1.2,LOW
156.17,0.547,3,1,0,0.137,0.8,MEDIUM
27.35,0.253,2,1,1,0.481,1.8,MEDIUM
58.07,0.337,1,0,0,0.109,1.3,LOW
182.98,0.694,2,0,0,0.341,0.8,MEDIUM
57.23,0.238,0,0,1,0.097,1.8,LOW
208.41,0.863,1,0,0,0.272,1.6,MEDIUM
89.16,0.366,0,0,0,0.339,1.6,LOW
49.58,0.367,0,0,0,0.08,1.2,LOW
93.34,0.493,2,1,0,0.408,0.9,MEDIUM
71.91,0.312,0,1,0,0.465,1.8,MEDIUM
57.41,0.336,2,1,0,0.421,0.8,MEDIUM
52.86,0.219,2,0,1,0.503,1.3,LOW
131.02,0.53,0,0,0,0.353,1.6,MEDIUM
86.32,0.531,2,1,0,0.458,1.8,MEDIUM
31.38,0.408,7,0,1,0.769,1.2,MEDIUM
39.12,0.337,0,0,0,0.432,0.9,LOW
22.01,0.309,2,0,0,0.305,1.0,LOW
147.7,0.799,2,0,1,0.437,0.8,MEDIUM
105.89,0.406,1,0,2,0.186,0.9,MEDIUM
65.92,0.453,3,0,0,0.395,1.3,MEDIUM
40.04,0.231,1,1,0,0.143,1.8,LOW
145.91,0.578,1,0,0,0.11,0.9,MEDIUM
154.77,0.745,0,0,1,0.452,0.9,MEDIUM
93.24,0.44,0,0,0,0.156,1.6,MEDIUM
43.94,0.156,0,0,0,0.319,1.3,LOW
33.96,0.365,5,0,1,0.125,1.8,MEDIUM
88.41,0.347,0,2,0,0.69,1.8,MEDIUM
10.94,0.224,5,0,0,0.491,1.2,LOW
50.77,0.394,1,0,0,0.183,0.8,LOW
83.86,0.37,2,2,0,0.065,1.6,MEDIUM
59.31,0.237,3,0,1,0.246,1.0,LOW
96.94,0.358,1,0,3,0.069,1.6,MEDIUM
68.02,0.523,1,3,0,0.205,1.2,MEDIUM
83.5,0.541,1,1,0,0.108,1.8,MEDIUM
57.97,0.25,2,0,0,0.526,1.2,LOW
107.95,0.608,1,0,2,0.612,0.9,MEDIUM
167.35,0.731,1,0,0,0.147,1.0,MEDIUM
196.66,0.98,3,0,1,0.219,1.0,HIGH
44.65,0.385,2,1,0,0.048,0.9,MEDIUM
29.73,0.274,1,0,0,0.292,1.2,LOW
82.23,0.404,2,0,2,0.129,1.3,MEDIUM
189.77,0.827,1,0,0,0.1,1.6,MEDIUM
85.3,0.384,5,0,1,0.429,1.2,MEDIUM
5.4,0.312,3,2,0,0.158,1.2,MEDIUM
142.67,0.651,2,1,0,0.336,1.0,HIGH
98.55,0.467,1,0,0,0.294,1.3,MEDIUM
45.46,0.448,3,1,0,0.373,1.6,MEDIUM
38.11,0.257,2,0,1,0.369,1.2,LOW
38.41,0.235,3,0,0,0.465,1.0,LOW
30.6,0.114,0,0,0,0.7,0.9,LOW
49.33,0.408,0,0,0,0.557,0.8,LOW
66.26,0.235,0,0,0,0.246,1.2,LOW
39.25,0.36,5,1,0,0.542,1.3,MEDIUM
126.03,0.68,2,0,0,0.18,0.8,MEDIUM
187.29,0.92,2,0,0,0.319,1.3,HIGH
28.37,0.25,1,0,0,0.271,0.9,LOW
171.25,0.709,0,1,0,0.104,0.8,MEDIUM
25.77,0.339,2,0,0,0.539,1.0,LOW
26.4,0.1,0,0,1,0.566,1.3,LOW
88.01,0.358,1,1,1,0.264,1.0,MEDIUM
128.15,0.612,3,0,0,0.21,1.8,MEDIUM
77.95,0.48,2,0,0,0.496,1.3,MEDIUM
103.8,0.428,0,0,0,0.227,1.3,LOW
32.09,0.268,5,0,0,0.229,1.0,LOW
171.97,0.639,3,0,0,0.391,1.6,MEDIUM
51.54,0.358,2,2,1,0.32,1.3,MEDIUM
51.99,0.358,2,0,1,0.352,1.6,MEDIUM
124.69,0.713,5,0,2,0.232,0.9,HIGH
136.94,0.608,0,0,0,0.506,1.2,MEDIUM
101.63,0.6,3,2,0,0.227,1.0,HIGH
100.59,0.44,2,0,0,0.165,1.6,MEDIUM
84.0,0.445,7,0,0,0.058,0.8,MEDIUM
135.41,0.592,7,1,0,0.677,1.8,HIGH
33.8,0.349,1,3,0,0.441,1.3,MEDIUM
83.29,0.553,1,0,0,0.154,0.9,MEDIUM
43.61,0.359,1,1,0,0.754,1.8,MEDIUM
71.0,0.4,1,0,0,0.07,0.9,LOW
88.61,0.391,2,0,1,0.338,1.3,MEDIUM
21.77,0.137,4,1,2,0.3,0.8,MEDIUM
135.77,0.585,0,0,0,0.202,0.9,MEDIUM
87.73,0.476,2,0,0,0.143,1.2,MEDIUM
124.51,0.608,5,0,0,0.191,1.3,MEDIUM
61.85,0.284,5,0,0,0.617,0.8,MEDIUM
35.48,0.233,1,0,1,0.339,0.8,LOW
198.32,0.817,2,0,0,0.421,1.8,MEDIUM
118.49,0.573,2,0,0,0.466,1.3,MEDIUM
72.14,0.432,1,0,0,0.159,0.8,LOW
95.51,0.535,3,0,0,0.469,0.9,MEDIUM
54.39,0.191,4,0,1,0.395,1.8,MEDIUM
174.66,0.858,0,2,0,0.136,1.0,HIGH
49.24,0.399,1,0,0,0.073,1.3,LOW
108.05,0.654,5,0,1,0.274,1.0,MEDIUM
52.55,0.188,5,2,0,0.288,0.9,MEDIUM
113.33,0.582,1,0,0,0.44,0.8,MEDIUM
80.37,0.33,3,1,3,0.356,1.8,MEDIUM
137.46,0.599,0,0,0,0.531,0.8,MEDIUM
180.56,0.685,2,2,0,0.349,0.8,HIGH
116.81,0.599,0,0,0,0.536,1.2,MEDIUM
111.68,0.508,0,0,0,0.242,1.3,MEDIUM
23.63,0.361,1,0,0,0.383,1.3,LOW
39.39,0.203,0,0,3,0.123,0.9,LOW
138.86,0.742,1,1,0,0.068,0.9,MEDIUM
81.96,0.509,5,1,2,0.43,1.2,HIGH
46.64,0.372,4,0,0,0.24,0.8,MEDIUM
86.24,0.358,5,2,1,0.135,1.0,MEDIUM
128.63,0.484,1,0,0,0.189,0.8,MEDIUM
65.86,0.439,2,2,0,0.374,1.8,MEDIUM
88.58,0.511,0,2,0,0.28,1.2,MEDIUM
73.12,0.343,1,0,0,0.774,1.6,MEDIUM
5.79,0.278,3,1,0,0.264,1.3,LOW
31.48,0.342,6,0,0,0.519,0.9,MEDIUM
157.0,0.659,1,0,0,0.578,1.2,MEDIUM
39.23,0.424,2,0,0,0.062,1.3,LOW
149.14,0.617,2,1,0,0.41,1.8,MEDIUM
136.92,0.604,4,0,0,0.355,1.6,MEDIUM
88.7,0.591,3,0,0,0.746,1.8,MEDIUM
44.76,0.301,1,0,0,0.161,1.0,LOW
94.03,0.451,5,0,0,0.585,1.0,MEDIUM
32.04,0.235,1,0,0,0.327,0.9,LOW
86.42,0.597,1,0,0,0.423,1.6,MEDIUM
57.17,0.427,1,0,0,0.459,1.3,LOW
178.54,0.682,0,1,2,0.114,1.8,MEDIUM
61.8,0.39,1,0,0,0.255,1.6,LOW
48.95,0.19,2,0,0,0.235,1.8,LOW
113.06,0.622,4,0,0,0.324,1.0,MEDIUM
39.86,0.27,2,0,2,0.454,1.3,MEDIUM
169.71,0.869,1,0,0,0.345,1.0,MEDIUM
113.24,0.638,3,0,0,0.134,0.9,MEDIUM
70.49,0.514,1,0,0,0.48,1.6,MEDIUM
134.54,0.527,0,0,0,0.318,1.2,MEDIUM
31.91,0.168,5,1,0,0.312,1.0,MEDIUM
83.35,0.504,1,0,0,0.222,1.2,MEDIUM
168.5,0.785,3,0,2,0.349,0.9,HIGH
125.18,0.444,1,1,1,0.097,0.8,MEDIUM
18.33,0.254,2,1,1,0.362,1.2,LOW
46.68,0.285,0,0,1,0.038,0.9,LOW
125.95,0.665,2,0,1,0.382,1.2,MEDIUM
115.0,0.411,3,1,0,0.325,1.0,MEDIUM
52.79,0.37,0,1,1,0.383,1.2,MEDIUM
97.82,0.63,1,0,1,0.116,1.8,MEDIUM
32.05,0.183,1,1,0,0.637,0.8,LOW
31.8,0.364,0,0,0,0.677,0.8,LOW
98.36,0.386,2,0,1,0.24,1.6,MEDIUM
119.31,0.555,0,2,0,0.089,1.2,MEDIUM
55.84,0.258,1,0,0,0.408,0.8,LOW
99.83,0.579,1,0,0,0.288,1.6,MEDIUM
78.16,0.553,5,0,0,0.438,1.2,MEDIUM
96.24,0.36,1,0,3,0.22,1.6,MEDIUM
92.55,0.369,0,1,0,0.33,1.6,MEDIUM
45.13,0.248,0,0,0,0.239,1.6,LOW
145.02,0.688,6,0,0,0.253,1.3,HIGH
114.03,0.62,0,1,0,0.517,1.8,MEDIUM
97.64,0.57,1,0,0,0.583,1.0,MEDIUM
118.25,0.698,0,1,0,0.535,1.8,MEDIUM
81.91,0.292,0,0,1,0.329,1.2,MEDIUM
104.63,0.555,0,0,0,0.356,0.9,MEDIUM
86.2,0.418,0,0,0,0.288,1.0,MEDIUM
146.63,0.578,3,2,0,0.044,0.8,HIGH
17.83,0.346,3,0,3,0.371,1.6,MEDIUM
175.1,0.646,0,1,0,0.534,1.8,MEDIUM
72.17,0.505,3,0,0,0.057,1.2,MEDIUM
65.17,0.274,1,0,1,0.345,1.3,LOW
134.76,0.686,3,0,0,0.243,1.8,MEDIUM
58.23,0.334,2,0,1,0.32,1.2,MEDIUM
36.86,0.311,4,0,1,0.292,1.2,MEDIUM
35.14,0.143,0,0,0,0.064,0.8,LOW
41.18,0.355,7,1,1,0.515,0.9,MEDIUM
93.22,0.421,4,1,0,0.424,0.8,MEDIUM
62.1,0.432,0,0,0,0.344,1.6,LOW
124.66,0.598,5,2,1,0.198,1.0,HIGH
119.1,0.573,2,3,0,0.092,1.2,MEDIUM
86.51,0.431,2,0,1,0.174,1.6,MEDIUM
87.22,0.365,1,0,2,0.306,1.8,MEDIUM
100.69,0.619,0,3,0,0.201,1.3,MEDIUM
32.55,0.25,0,0,0,0.215,1.2,LOW
50.94,0.416,3,0,0,0.53,1.6,MEDIUM
87.56,0.451,1,0,0,0.251,0.9,LOW
68.14,0.311,4,2,0,0.698,0.8,MEDIUM
125.6,0.454,2,0,0,0.453,1.2,MEDIUM
70.22,0.32,3,1,0,0.303,1.0,MEDIUM
192.03,0.934,0,1,1,0.321,0.9,HIGH
129.54,0.733,1,1,0,0.092,1.0,MEDIUM
10.41,0.216,0,0,0,0.204,1.8,LOW
137.29,0.519,3,0,0,0.069,1.6,MEDIUM
30.12,0.289,0,1,0,0.468,1.2,LOW
102.21,0.605,3,0,0,0.283,1.3,MEDIUM
184.1,0.704,3,0,0,0.637,1.6,HIGH
90.85,0.467,2,0,0,0.069,1.6,MEDIUM
38.92,0.254,0,0,2,0.49,1.8,LOW
78.06,0.385,2,0,0,0.702,0.8,MEDIUM
62.0,0.43,0,0,0,0.484,1.8,LOW
118.02,0.484,1,1,0,0.453,1.3,MEDIUM
110.66,0.642,4,1,0,0.145,1.8,MEDIUM
47.25,0.285,1,0,0,0.454,1.0,LOW
15.05,0.164,2,0,1,0.247,0.9,LOW
137.99,0.574,0,0,0,0.037,1.6,MEDIUM
54.57,0.439,1,1,0,0.24,1.8,MEDIUM
34.67,0.145,4,1,0,0.335,0.8,LOW
133.24,0.61,0,0,1,0.499,1.6,MEDIUM
87.57,0.328,3,0,3,0.494,1.0,MEDIUM
49.33,0.385,1,0,2,0.343,1.3,MEDIUM
25.72,0.3,0,0,0,0.282,1.6,LOW
93.31,0.478,3,0,0,0.524,1.8,MEDIUM
112.07,0.612,2,0,0,0.359,0.8,MEDIUM
53.44,0.419,3,1,0,0.413,1.3,MEDIUM
25.99,0.329,1,0,0,0.349,1.6,LOW
153.74,0.7,1,2,0,0.791,1.2,HIGH
36.42,0.362,4,0,1,0.184,1.2,MEDIUM
27.32,0.23,0,0,0,0.118,0.9,LOW
135.37,0.661,3,0,1,0.265,1.6,MEDIUM
89.46,0.527,0,0,1,0.469,0.8,MEDIUM
192.48,0.87,0,1,1,0.052,0.8,HIGH
44.4,0.185,0,1,0,0.187,0.9,LOW
217.59,0.746,0,0,1,0.157,1.8,MEDIUM
44.34,0.333,1,2,0,0.317,1.3,MEDIUM
83.81,0.367,0,0,1,0.211,1.2,MEDIUM
71.46,0.497,2,1,0,0.133,0.8,MEDIUM
39.27,0.416,3,0,0,0.193,1.6,LOW
33.47,0.216,1,0,1,0.165,0.9,LOW
175.87,0.721,1,0,0,0.052,1.6,MEDIUM
85.38,0.394,4,0,0,0.592,1.2,MEDIUM
72.85,0.308,4,0,0,0.402,1.0,MEDIUM
152.36,0.813,1,0,0,0.314,1.3,MEDIUM
137.11,0.589,2,0,1,0.286,1.8,MEDIUM
19.24,0.324,0,0,0,0.219,1.3,LOW
51.03,0.261,2,0,0,0.512,1.6,LOW
30.28,0.202,0,0,0,0.139,1.3,LOW
41.79,0.296,3,0,0,0.223,1.0,LOW
7.65,0.148,3,2,0,0.287,1.8,MEDIUM
59.85,0.368,4,0,0,0.481,1.3,MEDIUM
78.62,0.397,0,0,0,0.149,0.9,LOW
32.21,0.149,6,0,1,0.17,1.3,MEDIUM
77.59,0.299,0,0,0,0.146,1.3,LOW
146.99,0.793,5,0,0,0.051,1.6,MEDIUM
88.82,0.395,3,1,0,0.159,1.0,MEDIUM
212.64,0.786,0,1,0,0.131,1.8,MEDIUM
83.09,0.526,3,0,1,0.195,1.3,MEDIUM
50.13,0.453,4,0,0,0.32,1.2,MEDIUM
99.26,0.626,3,0,0,0.247,1.0,MEDIUM
61.3,0.342,3,0,0,0.322,0.9,LOW
47.22,0.392,0,0,0,0.139,1.0,LOW
88.84,0.571,3,1,0,0.111,1.6,MEDIUM
92.53,0.325,1,0,0,0.475,0.8,MEDIUM
120.65,0.446,0,1,2,0.147,1.8,MEDIUM
28.45,0.11,3,0,0,0.258,1.8,LOW
58.98,0.362,2,0,0,0.405,1.2,LOW
111.61,0.576,0,0,0,0.276,1.3,MEDIUM
197.18,0.93,0,0,0,0.312,1.8,MEDIUM
60.12,0.462,5,0,3,0.274,0.9,MEDIUM
59.02,0.38,2,1,2,0.224,0.9,MEDIUM
125.7,0.459,0,2,1,0.46,1.3,MEDIUM
50.96,0.309,1,0,0,0.325,1.6,LOW
163.49,0.634,1,1,0,0.081,1.3,MEDIUM
37.43,0.391,1,0,2,0.645,1.3,MEDIUM
59.25,0.27,0,0,0,0.392,0.9,LOW
32.62,0.195,0,0,0,0.155,0.8,LOW
33.93,0.153,0,0,1,0.73,1.2,LOW
108.44,0.481,3,0,0,0.368,1.0,MEDIUM
115.81,0.702,2,1,0,0.308,1.2,MEDIUM
28.57,0.311,0,0,0,0.122,1.8,LOW
171.44,0.845,3,0,1,0.216,1.8,HIGH
158.75,0.829,0,2,0,0.082,1.2,HIGH
154.17,0.642,1,0,0,0.205,1.2,MEDIUM
127.8,0.689,3,1,0,0.248,0.9,MEDIUM
99.16,0.558,4,0,1,0.198,1.2,MEDIUM
64.2,0.42,3,0,0,0.619,1.3,MEDIUM
91.99,0.41,3,0,0,0.112,0.8,MEDIUM
53.98,0.323,1,0,0,0.416,0.8,LOW
60.93,0.297,2,0,0,0.411,1.3,LOW
74.22,0.483,2,1,0,0.46,1.0,MEDIUM
46.91,0.416,0,0,0,0.457,0.9,LOW
39.1,0.36,3,0,0,0.486,1.0,LOW
126.28,0.548,1,0,2,0.61,1.6,MEDIUM
21.1,0.25,1,0,2,0.305,1.3,LOW
170.61,0.776,2,1,1,0.188,0.8,HIGH
21.41,0.245,1,0,0,0.549,0.8,LOW
89.32,0.367,2,0,0,0.121,1.6,MEDIUM
144.56,0.563,2,0,0,0.45,0.8,MEDIUM
36.12,0.368,1,0,1,0.094,0.9,LOW
95.39,0.348,0,1,2,0.577,1.3,MEDIUM
66.08,0.234,4,0,0,0.252,1.2,MEDIUM
89.9,0.563,2,0,0,0.544,0.8,MEDIUM
66.91,0.42,1,0,0,0.296,1.6,LOW
3.31,0.201,0,3,0,0.288,1.2,LOW
53.0,0.347,1,0,2,0.137,1.6,MEDIUM
179.3,0.9,0,0,1,0.411,1.0,MEDIUM
40.03,0.386,4,0,0,0.372,1.2,MEDIUM
59.19,0.392,1,0,1,0.393,1.3,MEDIUM
146.87,0.762,4,0,1,0.276,0.9,HIGH
42.91,0.236,5,0,1,0.787,1.3,MEDIUM
145.7,0.704,1,0,0,0.176,1.8,MEDIUM
141.03,0.602,0,0,2,0.531,0.8,MEDIUM
132.99,0.618,0,0,0,0.462,0.9,MEDIUM
53.32,0.368,3,0,0,0.347,0.9,LOW
35.28,0.208,3,0,3,0.551,1.2,MEDIUM
39.61,0.325,4,0,0,0.457,1.6,MEDIUM
212.19,0.954,1,0,0,0.44,1.3,MEDIUM
172.32,0.761,4,1,0,0.422,1.0,HIGH
146.5,0.553,0,0,1,0.396,1.0,MEDIUM
83.78,0.591,2,0,0,0.317,1.8,MEDIUM
114.5,0.541,5,1,0,0.349,1.2,MEDIUM
68.32,0.312,2,1,0,0.193,0.9,MEDIUM
130.19,0.466,4,0,1,0.089,1.3,MEDIUM
88.44,0.52,0,0,1,0.157,1.0,MEDIUM
39.7,0.316,0,0,0,0.419,1.3,LOW
68.33,0.309,0,2,0,0.184,1.2,MEDIUM
91.15,0.381,7,1,0,0.436,1.0,MEDIUM
185.98,0.937,6,0,1,0.103,1.8,HIGH
127.98,0.488,1,0,0,0.424,0.8,MEDIUM
83.04,0.582,0,0,0,0.368,1.3,MEDIUM
147.55,0.813,3,2,2,0.268,0.8,HIGH
94.38,0.477,0,0,0,0.378,0.8,MEDIUM
109.82,0.461,4,0,0,0.186,1.3,MEDIUM
91.55,0.395,0,0,0,0.265,1.3,LOW
119.33,0.564,2,0,0,0.112,1.2,MEDIUM
97.73,0.489,4,0,0,0.38,1.8,MEDIUM
38.87,0.181,0,0,0,0.403,0.9,LOW
132.51,0.63,1,0,1,0.683,1.6,MEDIUM
19.39,0.124,3,0,0,0.371,1.6,LOW
81.55,0.373,2,0,1,0.137,0.8,MEDIUM
131.03,0.684,0,0,3,0.263,1.2,MEDIUM
57.52,0.419,2,0,0,0.388,0.9,MEDIUM
41.22,0.226,1,0,2,0.588,1.3,LOW
105.68,0.427,5,0,0,0.321,0.9,MEDIUM
31.92,0.368,3,0,0,0.171,1.6,LOW
85.55,0.571,1,0,0,0.326,1.3,MEDIUM
79.8,0.339,2,1,1,0.319,1.8,MEDIUM
12.68,0.326,5,0,1,0.253,0.8,LOW
15.44,0.278,2,0,0,0.226,1.0,LOW
43.83,0.446,1,1,1,0.281,0.8,MEDIUM
125.68,0.595,2,0,0,0.081,0.8,MEDIUM
31.8,0.405,2,2,0,0.414,0.8,MEDIUM
105.45,0.51,3,0,2,0.169,1.0,MEDIUM
173.23,0.668,2,1,0,0.714,0.9,HIGH
175.47,0.626,1,1,0,0.344,1.2,MEDIUM
170.74,0.687,4,0,2,0.72,1.6,HIGH
62.84,0.384,0,1,1,0.581,1.3,MEDIUM
52.1,0.295,6,0,0,0.167,1.8,MEDIUM
32.05,0.139,1,0,0,0.235,0.8,LOW
102.41,0.589,3,0,0,0.179,0.9,MEDIUM
106.02,0.44,2,0,0,0.235,0.9,MEDIUM
115.39,0.422,3,2,1,0.38,1.0,HIGH
30.79,0.191,2,0,0,0.096,1.6,LOW
86.05,0.541,0,0,0,0.597,1.8,MEDIUM
12.23,0.066,3,1,0,0.321,1.3,LOW
78.88,0.375,4,0,0,0.511,1.8,MEDIUM
3.81,0.295,0,1,0,0.085,1.0,LOW
122.42,0.464,0,3,2,0.694,1.0,HIGH
145.01,0.583,0,0,0,0.133,1.3,MEDIUM
128.99,0.705,1,0,0,0.213,1.0,MEDIUM
132.92,0.733,0,1,0,0.56,0.9,MEDIUM
182.8,0.79,2,0,0,0.479,1.3,MEDIUM
20.77,0.254,2,1,0,0.481,1.3,LOW
119.2,0.48,2,0,2,0.087,1.0,MEDIUM
50.91,0.364,4,0,2,0.237,1.0,MEDIUM
34.94,0.39,0,0,0,0.297,1.2,LOW
170.08,0.788,7,0,0,0.075,1.2,HIGH
33.26,0.276,0,0,0,0.092,1.2,LOW
32.33,0.278,1,0,0,0.313,1.2,LOW
34.35,0.391,7,2,0,0.229,1.3,MEDIUM
55.31,0.3,1,0,1,0.134,1.3,LOW
36.39,0.28,0,0,0,0.066,0.8,LOW
26.51,0.369,4,0,0,0.179,0.9,LOW
6.43,0.041,1,2,0,0.595,0.9,LOW
30.02,0.155,0,0,1,0.189,1.2,LOW
40.84,0.157,0,2,0,0.617,1.0,MEDIUM
65.93,0.285,1,0,2,0.114,1.8,LOW
50.05,0.251,1,1,0,0.173,0.8,LOW
20.13,0.128,0,1,1,0.305,1.3,LOW
30.32,0.396,0,0,0,0.259,1.3,LOW
75.21,0.517,0,0,0,0.474,1.8,MEDIUM
42.72,0.31,1,2,0,0.213,1.2,MEDIUM
145.44,0.791,1,2,0,0.411,0.8,HIGH
166.78,0.788,0,1,0,0.486,1.6,HIGH
134.99,0.567,0,1,0,0.262,1.3,MEDIUM
136.54,0.583,1,0,2,0.119,0.9,MEDIUM
82.12,0.402,0,0,0,0.117,1.8,LOW
53.09,0.384,3,0,0,0.041,1.2,LOW
32.23,0.152,0,0,0,0.313,1.6,LOW
31.03,0.153,2,0,0,0.204,0.9,LOW
94.0,0.486,7,0,1,0.091,1.8,MEDIUM
34.42,0.288,3,0,0,0.183,1.0,LOW
112.4,0.679,1,0,2,0.242,0.9,MEDIUM
42.26,0.38,0,1,2,0.162,0.9,MEDIUM
13.37,0.306,4,0,2,0.089,1.2,LOW
116.74,0.482,1,0,0,0.106,1.6,MEDIUM
57.68,0.432,1,1,2,0.518,1.8,MEDIUM
24.6,0.222,1,0,1,0.54,1.3,LOW
121.82,0.708,4,0,0,0.331,0.9,MEDIUM
65.24,0.467,1,0,2,0.105,1.6,MEDIUM
72.52,0.325,1,0,0,0.592,1.3,LOW
36.01,0.253,3,0,0,0.069,1.0,LOW
67.81,0.27,1,2,0,0.275,1.6,MEDIUM
38.44,0.249,3,0,0,0.474,1.2,LOW
82.83,0.366,2,0,2,0.289,0.9,MEDIUM
58.76,0.498,3,1,1,0.362,0.9,MEDIUM
203.72,0.728,1,0,0,0.067,1.0,MEDIUM
95.28,0.429,0,0,2,0.293,0.9,MEDIUM
38.23,0.414,1,0,0,0.262,1.0,LOW
65.75,0.384,1,0,1,0.415,1.6,MEDIUM
62.74,0.393,3,0,0,0.164,1.3,LOW
43.61,0.29,2,1,0,0.278,0.8,LOW
90.19,0.361,4,0,0,0.474,1.6,MEDIUM
29.79,0.198,1,0,0,0.285,1.0,LOW
44.3,0.287,1,1,0,0.24,0.8,LOW
31.79,0.381,0,2,0,0.475,0.8,MEDIUM
80.05,0.448,1,0,0,0.434,1.6,MEDIUM
148.91,0.524,0,0,3,0.3,0.8,MEDIUM
41.44,0.184,2,1,0,0.097,1.6,LOW
37.39,0.316,4,2,0,0.257,0.9,MEDIUM
98.0,0.521,7,1,0,0.304,1.6,MEDIUM
66.5,0.267,2,0,2,0.517,1.3,MEDIUM
103.15,0.402,0,0,0,0.464,1.0,MEDIUM
38.86,0.254,2,1,0,0.278,1.8,LOW
134.17,0.626,2,0,0,0.178,1.8,MEDIUM
171.46,0.882,1,0,0,0.485,1.8,MEDIUM
154.69,0.809,5,0,0,0.242,1.2,HIGH
101.16,0.607,2,0,0,0.177,1.3,MEDIUM
37.94,0.327,0,0,0,0.362,1.0,LOW
60.67,0.509,1,1,0,0.489,1.2,MEDIUM
101.78,0.507,4,0,0,0.331,1.8,MEDIUM
133.87,0.557,2,0,0,0.11,0.8,MEDIUM
40.07,0.285,1,0,0,0.481,0.9,LOW
91.47,0.537,2,0,0,0.252,1.6,MEDIUM
94.44,0.495,3,0,0,0.18,0.8,MEDIUM
140.4,0.555,4,2,1,0.15,1.8,HIGH
190.64,0.885,1,1,1,0.158,0.9,HIGH
124.45,0.596,3,0,0,0.313,0.8,MEDIUM
62.1,0.493,0,0,0,0.655,0.8,LOW
114.01,0.439,3,1,0,0.19,0.9,MEDIUM
86.19,0.49,5,1,0,0.192,1.0,MEDIUM
131.68,0.625,1,1,0,0.175,1.3,MEDIUM
64.08,0.323,1,0,0,0.084,1.3,LOW
79.72,0.53,1,0,0,0.161,1.6,MEDIUM
70.95,0.426,4,2,0,0.238,0.8,MEDIUM
47.69,0.326,2,2,1,0.333,0.8,MEDIUM
45.56,0.356,1,0,0,0.663,0.9,LOW
55.31,0.421,2,0,0,0.569,1.0,LOW
103.38,0.502,3,0,0,0.433,0.8,MEDIUM
136.89,0.649,3,1,0,0.496,0.8,HIGH
47.81,0.332,4,1,0,0.202,0.9,MEDIUM
66.98,0.251,0,2,1,0.41,1.6,MEDIUM
37.01,0.201,3,0,0,0.316,0.9,LOW
50.25,0.268,0,0,1,0.662,1.3,LOW
25.9,0.18,1,2,0,0.314,1.8,MEDIUM
48.73,0.336,0,0,3,0.495,1.2,MEDIUM
56.85,0.476,1,1,0,0.255,1.0,MEDIUM
82.18,0.373,0,0,0,0.185,0.8,LOW
64.45,0.513,0,0,0,0.478,0.9,LOW
73.63,0.269,1,0,0,0.631,1.3,MEDIUM
94.01,0.384,1,1,0,0.42,1.6,MEDIUM
74.21,0.522,3,1,0,0.066,1.3,MEDIUM
29.24,0.384,1,0,0,0.567,1.0,LOW
112.87,0.638,4,0,0,0.611,0.8,MEDIUM
96.55,0.38,0,0,0,0.304,1.6,MEDIUM
137.9,0.564,0,0,2,0.267,1.2,MEDIUM
72.41,0.453,0,0,2,0.185,1.0,MEDIUM
62.79,0.486,1,0,0,0.261,1.3,MEDIUM
63.09,0.455,2,2,0,0.372,1.0,MEDIUM
48.02,0.287,3,1,0,0.477,0.9,MEDIUM
134.99,0.674,0,1,0,0.265,1.2,MEDIUM
45.22,0.212,0,1,2,0.149,1.2,LOW
167.53,0.756,0,0,0,0.065,1.3,MEDIUM
7.14,0.297,1,0,0,0.787,1.6,LOW
177.98,0.873,1,0,0,0.163,1.0,MEDIUM
94.52,0.42,0,0,0,0.246,1.3,LOW
106.62,0.456,3,0,1,0.377,0.8,MEDIUM
109.59,0.552,1,0,0,0.262,0.9,MEDIUM
110.33,0.416,0,0,0,0.433,1.8,MEDIUM
47.51,0.354,2,0,0,0.45,0.8,LOW
52.8,0.269,0,0,0,0.38,1.6,LOW
55.67,0.367,1,0,1,0.109,0.9,LOW
110.05,0.491,1,2,0,0.392,1.0,MEDIUM
61.61,0.315,1,0,0,0.163,0.9,LOW
83.08,0.397,4,0,2,0.115,1.6,MEDIUM
11.72,0.163,0,1,1,0.243,0.9,LOW
70.82,0.423,3,1,0,0.269,1.8,MEDIUM
86.3,0.533,2,1,0,0.6,0.8,MEDIUM
51.38,0.307,1,0,0,0.269,1.2,LOW
53.76,0.211,1,1,0,0.266,1.2,LOW
132.1,0.533,1,1,0,0.086,1.3,MEDIUM
160.92,0.746,2,0,0,0.237,1.3,MEDIUM
56.84,0.342,2,1,0,0.06,0.9,MEDIUM
97.65,0.615,5,1,1,0.441,1.6,HIGH
44.22,0.41,0,2,1,0.504,1.0,MEDIUM
91.34,0.582,3,0,0,0.447,0.9,MEDIUM
126.76,0.519,3,1,1,0.479,1.2,MEDIUM
65.92,0.252,0,1,0,0.156,1.0,LOW
32.23,0.293,3,0,0,0.378,0.9,LOW
75.94,0.384,1,0,1,0.246,1.8,MEDIUM
130.67,0.634,1,0,0,0.486,1.8,MEDIUM
13.18,0.27,1,0,0,0.659,0.9,LOW
21.37,0.088,3,0,0,0.152,0.9,LOW
139.24,0.646,2,0,0,0.245,0.9,MEDIUM
64.05,0.344,3,0,0,0.509,1.6,MEDIUM
26.1,0.129,0,1,0,0.432,0.8,LOW
41.22,0.272,1,0,0,0.549,0.9,LOW
163.27,0.826,2,0,1,0.288,1.3,HIGH
135.17,0.513,0,0,0,0.32,1.2,MEDIUM
148.23,0.645,4,0,0,0.329,0.9,MEDIUM
43.35,0.175,4,0,0,0.151,1.8,LOW
121.13,0.446,2,0,0,0.365,1.6,MEDIUM
164.41,0.739,0,0,0,0.315,0.9,MEDIUM
97.98,0.511,1,0,0,0.212,1.2,MEDIUM
29.21,0.239,0,0,0,0.198,1.2,LOW
105.3,0.5,3,0,0,0.374,1.0,MEDIUM
151.06,0.554,4,0,0,0.332,0.8,MEDIUM
116.93,0.62,4,0,3,0.136,1.2,MEDIUM
53.58,0.244,0,0,0,0.233,0.9,LOW
138.9,0.521,2,1,0,0.759,1.0,MEDIUM
158.14,0.604,0,0,1,0.263,1.8,MEDIUM
101.9,0.508,0,0,0,0.421,1.2,MEDIUM
184.77,0.773,0,2,2,0.223,1.0,HIGH
62.75,0.412,1,0,1,0.055,1.6,LOW
108.73,0.594,0,0,1,0.334,1.3,MEDIUM
19.11,0.084,1,0,0,0.273,1.3,LOW
5.05,0.303,2,2,0,0.39,1.8,MEDIUM
23.14,0.084,3,0,1,0.094,0.8,LOW
135.85,0.742,0,0,0,0.642,1.2,MEDIUM
72.48,0.352,4,2,2,0.335,1.0,MEDIUM
194.11,0.843,1,0,0,0.346,1.6,MEDIUM
26.11,0.332,4,1,0,0.6,1.3,MEDIUM
94.66,0.504,0,0,0,0.271,0.9,MEDIUM
200.6,0.931,3,0,0,0.591,1.6,HIGH
115.86,0.605,1,0,1,0.511,1.2,MEDIUM
93.35,0.533,0,1,1,0.223,1.2,MEDIUM
56.21,0.496,4,1,2,0.203,1.6,MEDIUM
46.2,0.32,2,0,0,0.366,1.3,LOW
100.74,0.591,3,0,0,0.086,1.3,MEDIUM
114.97,0.419,0,1,0,0.25,1.8,MEDIUM
46.4,0.164,2,0,0,0.185,1.2,LOW
78.19,0.527,1,0,3,0.129,0.9,MEDIUM
18.87,0.226,0,0,0,0.232,1.0,LOW
48.91,0.216,0,0,0,0.636,1.2,LOW
63.86,0.336,0,0,0,0.256,1.3,LOW
56.84,0.452,1,2,0,0.264,1.3,MEDIUM
141.31,0.651,0,0,1,0.238,1.3,MEDIUM
178.68,0.741,1,0,1,0.205,1.2,MEDIUM
53.94,0.373,1,0,0,0.33,0.8,LOW
87.96,0.531,0,0,0,0.348,1.0,MEDIUM
89.04,0.566,1,0,0,0.236,1.3,MEDIUM
152.81,0.686,1,1,0,0.504,1.8,MEDIUM
59.92,0.35,0,0,0,0.219,0.8,LOW
4.7,0.214,2,1,0,0.026,0.9,LOW
124.94,0.686,0,2,2,0.515,1.6,HIGH
31.19,0.297,0,0,0,0.206,0.8,LOW
91.38,0.505,1,0,2,0.218,1.3,MEDIUM
32.0,0.327,0,1,0,0.272,1.3,LOW
23.62,0.283,1,0,0,0.439,1.0,LOW
62.31,0.371,4,0,1,0.343,0.8,MEDIUM
110.59,0.398,0,1,0,0.068,1.0,MEDIUM
101.71,0.389,0,0,0,0.375,1.0,MEDIUM
106.74,0.431,0,0,1,0.475,1.3,MEDIUM
119.91,0.602,5,1,0,0.074,0.9,HIGH
133.56,0.726,3,0,0,0.364,1.8,MEDIUM
62.1,0.335,0,0,0,0.377,1.8,LOW
103.71,0.37,3,0,0,0.377,1.2,MEDIUM
139.46,0.746,1,0,1,0.439,0.9,MEDIUM
104.78,0.37,3,0,0,0.134,1.6,MEDIUM
104.4,0.416,2,2,0,0.245,1.8,MEDIUM
30.51,0.158,2,1,1,0.129,1.6,LOW
132.25,0.757,0,0,0,0.555,1.0,MEDIUM
21.77,0.13,1,1,0,0.376,0.9,LOW
50.52,0.252,2,0,1,0.218,0.9,LOW
43.0,0.43,1,0,1,0.642,0.8,MEDIUM
146.91,0.61,6,0,0,0.384,1.6,MEDIUM
86.2,0.395,5,0,1,0.309,0.8,MEDIUM
42.2,0.212,0,0,0,0.307,1.8,LOW
41.24,0.188,1,0,0,0.286,1.8,LOW
77.9,0.428,3,0,0,0.323,1.8,MEDIUM
61.43,0.402,0,0,0,0.287,1.6,LOW
182.94,0.861,3,2,1,0.088,1.8,HIGH
78.55,0.493,1,0,0,0.194,1.8,MEDIUM
184.05,0.851,4,0,0,0.339,1.6,HIGH
125.01,0.483,6,0,0,0.196,1.3,MEDIUM
139.97,0.742,0,0,1,0.439,0.9,MEDIUM
62.17,0.412,1,1,1,0.51,1.0,MEDIUM
107.85,0.468,1,0,1,0.141,0.8,MEDIUM
37.77,0.378,0,0,0,0.242,0.9,LOW
49.06,0.382,1,0,2,0.401,0.9,MEDIUM
32.18,0.192,0,0,0,0.179,1.8,LOW
28.2,0.34,1,0,2,0.63,1.8,MEDIUM
145.96,0.796,2,0,0,0.317,1.8,MEDIUM
40.81,0.257,3,1,0,0.395,1.2,MEDIUM
188.12,0.739,2,0,0,0.155,0.9,MEDIUM
95.41,0.483,2,1,0,0.1,1.6,MEDIUM
41.43,0.241,5,0,0,0.538,1.6,MEDIUM
157.02,0.777,0,0,0,0.11,1.3,MEDIUM
80.47,0.293,3,0,0,0.459,1.0,MEDIUM
117.26,0.56,0,0,0,0.544,1.2,MEDIUM
65.5,0.294,1,1,2,0.207,0.8,MEDIUM
83.55,0.573,1,0,1,0.467,0.8,MEDIUM
193.55,0.74,1,0,1,0.44,0.9,MEDIUM
50.29,0.475,2,3,1,0.367,1.3,MEDIUM
193.46,0.865,0,0,0,0.666,1.3,MEDIUM
124.63,0.562,4,0,1,0.183,1.2,MEDIUM
82.3,0.314,4,0,0,0.154,1.0,MEDIUM
183.49,0.9,6,0,0,0.298,1.6,HIGH
135.31,0.7,2,0,0,0.356,1.2,MEDIUM
66.46,0.427,1,0,0,0.588,1.6,MEDIUM
58.64,0.322,6,1,2,0.279,0.9,MEDIUM
104.47,0.473,1,0,0,0.643,1.2,MEDIUM
187.02,0.781,3,1,2,0.265,0.8,HIGH
67.31,0.457,4,1,0,0.66,0.8,MEDIUM
108.51,0.593,1,1,0,0.225,1.2,MEDIUM
55.93,0.455,3,0,0,0.207,1.6,MEDIUM
128.69,0.585,2,0,0,0.236,1.0,MEDIUM
38.05,0.216,0,0,0,0.291,1.3,LOW
33.55,0.332,2,1,0,0.3,1.8,MEDIUM
45.63,0.296,2,1,0,0.344,1.2,MEDIUM
147.57,0.571,3,0,1,0.251,0.8,MEDIUM
188.82,0.723,2,0,3,0.391,1.8,HIGH
64.26,0.353,3,1,1,0.279,1.3,MEDIUM
133.45,0.574,0,0,0,0.45,1.8,MEDIUM
139.65,0.621,0,0,1,0.598,1.2,MEDIUM
71.73,0.366,0,0,1,0.314,1.3,LOW
33.48,0.254,2,0,0,0.536,0.8,LOW
139.65,0.734,4,0,0,0.343,1.3,HIGH
57.28,0.491,4,2,1,0.534,1.0,MEDIUM
43.73,0.25,0,1,0,0.233,0.8,LOW
122.72,0.581,1,0,0,0.51,1.2,MEDIUM
162.44,0.867,3,0,0,0.392,1.3,MEDIUM
214.07,0.772,3,1,0,0.335,1.0,HIGH
21.42,0.291,1,0,2,0.242,1.3,LOW
136.03,0.714,0,0,0,0.272,0.8,MEDIUM
209.58,0.974,0,1,0,0.255,0.8,MEDIUM
59.39,0.337,3,0,0,0.508,1.3,MEDIUM
28.39,0.265,3,0,1,0.622,0.9,LOW
61.76,0.438,1,0,0,0.36,0.8,LOW
125.15,0.589,2,0,1,0.298,1.6,MEDIUM
197.41,0.795,3,0,0,0.185,0.8,MEDIUM
175.86,0.83,2,0,0,0.16,1.3,MEDIUM
14.44,0.139,1,0,0,0.489,1.6,LOW
155.32,0.743,0,0,0,0.421,1.8,MEDIUM
41.92,0.322,3,0,0,0.24,1.0,LOW
30.56,0.273,1,0,0,0.173,1.3,LOW
48.06,0.409,0,0,0,0.523,1.8,LOW
126.94,0.49,0,0,0,0.348,1.0,MEDIUM
19.11,0.309,0,1,0,0.328,0.9,LOW
32.64,0.223,3,0,0,0.385,1.8,LOW
104.05,0.612,4,0,0,0.289,1.6,MEDIUM
83.9,0.344,3,0,0,0.21,1.6,MEDIUM
79.39,0.295,1,0,1,0.163,0.9,LOW
92.44,0.357,2,0,2,0.473,1.3,MEDIUM
153.75,0.619,2,0,0,0.193,1.8,MEDIUM
76.15,0.534,2,0,0,0.216,1.8,MEDIUM
123.08,0.658,3,0,0,0.309,1.8,MEDIUM
29.75,0.296,0,1,0,0.504,1.3,LOW
157.59,0.836,0,0,2,0.328,1.3,MEDIUM
169.44,0.709,0,0,0,0.233,0.9,MEDIUM
59.76,0.243,2,0,0,0.437,0.9,LOW
174.51,0.741,0,0,1,0.237,0.9,MEDIUM
88.8,0.453,0,0,0,0.452,1.2,LOW
113.73,0.565,1,0,0,0.211,1.8,MEDIUM
63.69,0.466,0,0,0,0.164,0.9,LOW
34.04,0.212,0,0,0,0.372,0.9,LOW
175.1,0.767,2,0,0,0.394,0.9,MEDIUM
125.98,0.56,0,0,0,0.132,1.8,MEDIUM
105.16,0.493,6,0,0,0.365,1.2,MEDIUM
47.23,0.291,1,0,2,0.276,0.8,LOW
152.04,0.822,2,0,1,0.587,1.8,HIGH
52.07,0.456,0,0,0,0.073,1.3,LOW
45.12,0.448,0,1,0,0.477,1.8,MEDIUM
105.13,0.433,1,0,0,0.338,1.2,MEDIUM
48.26,0.212,5,0,0,0.27,1.2,LOW
145.65,0.517,0,0,0,0.23,1.0,MEDIUM
104.52,0.424,4,0,0,0.658,0.9,MEDIUM
28.92,0.296,0,1,0,0.189,1.8,LOW
107.1,0.437,0,1,0,0.075,1.8,MEDIUM
139.08,0.744,1,0,0,0.362,1.2,MEDIUM
24.42,0.094,6,0,0,0.599,0.8,LOW
30.51,0.385,1,0,0,0.281,1.0,LOW
118.43,0.612,1,3,0,0.166,1.0,MEDIUM
143.56,0.564,3,1,1,0.692,1.8,HIGH
92.51,0.497,6,1,0,0.104,0.9,MEDIUM
12.28,0.168,3,1,1,0.095,0.9,LOW
59.77,0.242,6,0,1,0.413,1.0,MEDIUM
172.55,0.888,1,0,1,0.485,1.0,HIGH
142.31,0.536,1,0,0,0.12,0.8,MEDIUM
93.94,0.358,1,2,0,0.189,1.2,MEDIUM
170.37,0.742,2,0,1,0.445,0.8,MEDIUM
97.38,0.602,2,0,0,0.167,1.2,MEDIUM
43.19,0.301,1,0,2,0.152,1.8,LOW
107.68,0.475,2,1,0,0.172,0.9,MEDIUM
80.55,0.545,0,0,0,0.101,1.6,MEDIUM
99.08,0.359,3,0,2,0.431,1.2,MEDIUM
68.96,0.383,4,0,0,0.549,1.3,MEDIUM
74.84,0.528,2,0,0,0.319,0.8,MEDIUM
34.63,0.311,1,0,0,0.144,1.8,LOW
51.54,0.249,1,0,0,0.102,0.9,LOW
102.52,0.422,4,3,0,0.125,0.9,MEDIUM
96.56,0.635,4,1,0,0.025,1.0,MEDIUM
59.45,0.39,3,0,0,0.566,1.3,MEDIUM
105.77,0.492,1,0,0,0.48,0.8,MEDIUM
127.26,0.554,0,0,0,0.579,0.9,MEDIUM
5.92,0.029,0,0,2,0.336,1.2,LOW
14.39,0.277,2,0,0,0.072,0.9,LOW
149.11,0.788,3,1,0,0.387,1.0,HIGH
47.59,0.357,1,0,0,0.133,1.0,LOW
28.1,0.353,0,0,1,0.192,1.8,LOW
202.56,0.759,5,2,1,0.144,1.6,HIGH
94.05,0.568,1,1,1,0.288,1.0,MEDIUM
48.87,0.26,3,0,0,0.264,0.8,LOW
59.94,0.258,1,2,0,0.317,1.0,MEDIUM
49.93,0.344,0,1,1,0.501,1.6,MEDIUM
130.19,0.648,4,0,0,0.205,0.8,MEDIUM
195.42,0.897,0,1,0,0.407,1.8,HIGH
119.89,0.62,1,2,0,0.316,1.8,HIGH
19.53,0.212,1,0,1,0.219,0.9,LOW
32.63,0.304,1,1,1,0.68,1.6,MEDIUM
81.32,0.464,1,0,0,0.276,0.9,MEDIUM
79.71,0.477,0,0,0,0.168,1.2,LOW
41.48,0.187,3,0,0,0.313,1.6,LOW
42.07,0.195,3,0,0,0.209,1.8,LOW
11.59,0.118,2,0,1,0.482,1.6,LOW
27.87,0.283,0,1,1,0.302,1.6,LOW
15.02,0.184,1,0,1,0.171,0.8,LOW
35.83,0.237,1,0,0,0.494,1.0,LOW
21.36,0.222,2,0,1,0.619,1.8,LOW
109.61,0.53,2,0,0,0.641,1.6,MEDIUM
48.02,0.334,2,0,0,0.542,0.8,LOW
55.29,0.206,2,0,0,0.253,1.3,LOW
